A	I-IV
Aâ‚‚	XVIII
Aâ‚ƒ	LXXXVI*
Aâ‚„	XXXVII
Aâ‚…	XLVI
Bâ‚‚	XIX
Bâ‚„	XXXVIII
Bâ‚…	XLVI-XLVII
Câ‚پ	LXXXII*
Câ‚‚	LXXXV*
Câ‚„	XXXVIII
Dâ‚پ	LXXXII*
Dâ‚‚	XIX
Dâ‚„	XXXVIII
Dâ‚…	XLVII
E	V
Eâ‚پ	XII
Eâ‚‚	XIII
Eâ‚„	XXXVIII
Eâ‚…	LXXXVII
Fâ‚پ	XIV-XV
Fâ‚ƒ	XXXII
G	V-VI
Gâ‚ƒ	XXXII
Gâ‚„	LXXXVI*
Hâ‚پ	LXXXIII*
Hâ‚ƒ	XXXII
Hâ‚„	XXXIX
I	VII-VIII
Iâ‚پ	LXXXIII*
Iâ‚ƒ	XXXIII
Iâ‚„	XL
J	VIII
Jâ‚‚	XX-XXI
Jâ‚ƒ	XXXIII
Jâ‚„	XLI
Kâ‚پ	LXXXIII*
Kâ‚‚	XXI
Kâ‚ƒ	XXXIV
Kâ‚„	XLI
L	IX
Lâ‚‚	XXII
Lâ‚ƒ	XXXIV
Lâ‚„	XLII
M	X
Mâ‚ƒ	XXXIV
Mâ‚„	XLII
Nâ‚‚	LXXXV*
Nâ‚ƒ	XXXV
Nâ‚„	XLII
Oâ‚پ	LXXXIII*-LXXXIV*
Oâ‚ƒ	XXXV
Oâ‚„	XLIII
P	LXXXII*
Pâ‚‚	XXIII
Pâ‚ƒ	XXXV
Pâ‚„	XLIII
Qâ‚پ	XVI-XVII
Qâ‚‚	XXIV
Qâ‚„	XLIII
Râ‚‚	XXIV
Râ‚„	XLIV
Sâ‚‚	XXV
Sâ‚„	XLIV
T	X
Tâ‚پ	LXXXIV*
Tâ‚‚	XXVI
Tâ‚ƒ	XXXVI
Tâ‚„	XLIV
U	LXXXII*
Uâ‚‚	XXVII-XXIX
V	LXXXII*
W	XI
Wâ‚پ	LXXXIV*
Wâ‚‚	XXVIII
Wâ‚„	XXXI
Xâ‚‚	XXIX-XXX
Xâ‚„	XLV
Y	XI
Yâ‚پ	XVII
Yâ‚‚	LXXXV*
Yâ‚ƒ	XXXVII
Yâ‚„	XLV
Zâ‚پ	XVIII
Zâ‚‚	XXXI
Zâ‚„	XLV
a	XLVIII-XLIX
aâ‚‚	LXXIV
bâ‚‚	LXXV-LXXVI
câ‚‚	LXXVII
dâ‚‚	LXXVII
eâ‚‚	LXXVII
f	LII
fâ‚‚	LXXVIII
gâ‚پ	LIX
gâ‚‚	LXXVIII-LXXIX
hâ‚پ	LIX
i	L
iâ‚پ	LX
iâ‚‚	LXXIX-LXXX
j	L-LI
jâ‚پ	LXI-LXII
jâ‚‚	LXXX
kâ‚‚	LXXII
l+o	LII
lâ‚پ	LXIII
lâ‚‚	LXXX
mâ‚‚	LXXXI
nâ‚پ	LXIV-LXIX
nâ‚‚	LXXXI
qâ‚پ	LXX
qâ‚‚	LXXXVI
râ‚پ	LXX
tâ‚پ	LXXI
u	LIII-LIV
uâ‚پ	LXXIII
uâ‚پ+kâ‚‚	LXXII-LXXIII
v	LV
vâ‚پ	LXXIV
wâ‚‚	LXXIV
x	LVI-LVII
z	LVIII
zâ‚پ	LXXIV
