Q001330	uncertain
Q001331	Building
Q001332	Votive
Q001333	Votive
Q001334	Votive
Q001335	uncertain
Q005032	Building
Q002231	Building
Q002232	Votive
Q002021	Year names
Q002022	Building
Q002023	uncertain
Q002024	Votive
Q002025	Votive
Q002026	Seal
Q002027	Seal
Q002028	Arad-seal
Q002029	Arad-seal
Q002030	Arad-seal
Q001253	Votive
Q001254	Votive
Q001322	uncertain
Q001053	Building
Q001054	Building
Q001055	uncertain
Q004112	Arad-seal
Q004113	Arad-seal
Q004114	Arad-seal
Q004115	Arad-seal
Q004116	Arad-seal
Q004117	Arad-seal
Q004118	Arad-seal
Q004119	Arad-seal
Q004120	Arad-seal
Q004121	Arad-seal
Q004122	Seal
Q004123	Arad-seal
Q004124	Arad-seal
Q004125	Arad-seal
Q004126	Arad-seal
Q004127	Arad-seal
Q004128	Arad-seal
Q004129	Arad-seal
Q004130	Arad-seal
Q004131	Arad-seal
Q004132	Arad-seal
Q004133	Arad-seal
Q004134	Arad-seal
Q004135	Arad-seal
Q004136	Arad-seal
Q004137	Arad-seal
Q004138	Arad-seal
Q004139	Arad-seal
Q004140	Arad-seal
Q004141	Arad-seal
Q004142	Arad-seal
Q004143	Arad-seal
Q004352	Arad-seal
Q004145	Arad-seal
Q004146	Arad-seal
Q004147	Arad-seal
Q004148	Seal
Q004149	Arad-seal
Q004150	Arad-seal
Q004151	Arad-seal
Q004152	Arad-seal
Q004153	Arad-seal
Q004353	Arad-seal
Q004155	Arad-seal
Q004156	Arad-seal
Q004157	Arad-seal
Q004158	Seal
Q004159	Arad-seal
Q004160	Arad-seal
Q004354	Arad-seal
Q004162	Arad-seal
Q004163	Arad-seal
Q004899	Seal
Q000981	Building
Q000985	Statue
Q001794	Building
Q001795	Building
Q000986	Votive
Q000987	Building
Q000988	Building
Q000989	Votive
Q000990	Building
Q001796	Building
Q001797	uncertain
Q001789	Building
Q001798	Arad-seal
Q001802	Arad-seal
Q001803	Arad-seal
Q001804	Arad-seal
Q001805	Arad-seal
Q001806	Arad-seal
Q001807	Arad-seal
Q001808	Votive
Q001809	Votive
Q001799	Narrative
Q001800	Building
Q001790	Building
Q000982	uncertain
Q001791	Building
Q001792	Building
Q001793	Building
Q000983	Votive
Q000984	Building
Q001788	Year names
Q002234	Narrative
Q002235	Building
Q002236	Building
Q002237	Votive
Q001206	Votive
Q001215	Votive
Q001216	Building
Q001217	Votive
Q001218	uncertain
Q001207	Votive
Q001208	uncertain
Q001209	Votive
Q001210	Votive
Q001211	uncertain
Q001212	uncertain
Q001213	uncertain
Q001214	uncertain
Q001219	unidentified
Q001220	uncertain
Q001221	Votive
Q001222	Votive
Q001223	Votive
Q001224	Votive
Q001225	uncertain
Q001226	uncertain
Q001227	uncertain
Q001228	uncertain
Q001229	uncertain
Q001238	Votive
Q001239	uncertain
Q001240	uncertain
Q001230	unidentified
Q001231	uncertain
Q001232	Votive
Q001233	uncertain
Q001234	uncertain
Q001235	Votive
Q001236	Narrative
Q001237	Votive
Q001251	uncertain
Q004862	uncertain
Q001259	Votive
Q001268	Votive
Q001269	Votive
Q001270	Votive
Q001271	uncertain
Q001272	Votive
Q001273	Votive
Q001274	uncertain
Q001275	uncertain
Q001260	Votive
Q001276	Votive
Q001277	uncertain
Q001278	uncertain
Q001279	Votive
Q001280	uncertain
Q001281	Votive
Q001282	Votive
Q001283	Votive
Q001284	Votive
Q001261	Votive
Q001285	uncertain
Q001286	uncertain
Q001287	Votive
Q001288	uncertain
Q001289	uncertain
Q001290	uncertain
Q001291	uncertain
Q001292	Votive
Q001293	Votive
Q001262	Votive
Q001294	uncertain
Q001295	Votive
Q001296	Votive
Q001297	Votive
Q001298	Votive
Q001299	uncertain
Q001300	Votive
Q001301	Votive
Q001302	Votive
Q001303	uncertain
Q001263	uncertain
Q001304	Votive
Q001305	uncertain
Q001306	Votive
Q001307	Votive
Q001308	uncertain
Q001309	Votive
Q001310	uncertain
Q001311	uncertain
Q001312	uncertain
Q001264	Votive
Q001313	Votive
Q001314	Narrative
Q001315	Votive
Q001316	Votive
Q001317	uncertain
Q001265	Votive
Q001266	Votive
Q001267	Votive
Q001318	Votive
Q001319	Votive
Q001320	Votive
Q001327	uncertain
Q001348	uncertain
Q001349	uncertain
Q001350	Votive
Q001351	uncertain
Q001352	uncertain
Q001353	uncertain
Q001354	Votive
Q001355	Building
Q001356	Votive
Q001357	uncertain
Q001340	uncertain
Q001358	Votive
Q001359	Votive
Q001360	Votive
Q001361	uncertain
Q001341	uncertain
Q001342	Votive
Q001344	uncertain
Q001345	Building
Q001346	uncertain
Q001347	uncertain
Q001383	Votive
Q004166	Votive
Q002257	Building
Q002258	Building
Q002259	Building
Q002260	Building
Q002261	Building
Q002262	unidentified
Q004168	uncertain
Q004173	uncertain
Q004174	Votive
Q004175	uncertain
Q004176	Votive
Q004170	Votive
Q004171	Votive
Q001388	Votive
Q001389	uncertain
Q004172	uncertain
Q001918	Narrative
Q001173	uncertain
Q001174	Votive
Q001176	Votive
Q001177	uncertain
Q001178	uncertain
Q001179	Votive
Q001181	uncertain
Q001184	Votive
Q001185	Votive
Q001186	Votive
Q001187	uncertain
Q001188	Building
Q001189	uncertain
Q001190	uncertain
Q001191	uncertain
Q001192	uncertain
Q001193	unidentified
Q001194	Narrative
Q004167	uncertain
Q001195	uncertain
Q004248	uncertain
Q004246	uncertain
Q004872	uncertain
Q004250	Votive
Q002233	Family
Q003658	uncertain
Q003664	uncertain
Q002229	uncertain
Q004106	uncertain
Q001199	Votive
Q002263	Building
Q001973	Building
Q001974	Votive
Q001976	Votive
Q001977	Arad-seal
Q001978	Arad-seal
Q001979	Arad-seal
Q001980	Arad-seal
Q001981	Arad-seal
Q001975	Votive
Q008595	unidentified
Q000947	Building
Q000991	Building
Q000995	unidentified
Q001816	Building
Q000996	Building
Q000997	Building
Q001817	Building
Q000998	Building
Q000999	Building
Q001000	Building
Q001818	Building
Q001001	Building
Q001811	Narrative
Q001002	Building
Q001831	Arad-seal
Q001832	Arad-seal
Q001833	Arad-seal
Q001834	Arad-seal
Q001835	Arad-seal
Q001836	Arad-seal
Q001837	Arad-seal
Q001838	Arad-seal
Q001839	Arad-seal
Q001840	Arad-seal
Q001841	Arad-seal
Q001842	Seal
Q001843	Seal
Q001844	Arad-seal
Q001845	Votive
Q001846	Votive
Q001847	Votive
Q001003	Building
Q001819	uncertain
Q001820	uncertain
Q001821	uncertain
Q001822	uncertain
Q001823	unidentified
Q001824	unidentified
Q001825	uncertain
Q001826	uncertain
Q000992	Votive
Q001827	Arad-seal
Q001828	uncertain
Q001829	Arad-seal
Q001830	Arad-seal
Q001812	Votive
Q000993	Building
Q001813	Votive
Q000994	Votive
Q001814	Narrative
Q001815	Votive
Q001810	Year names
Q002005	Building
Q002006	Building
Q002009	Votive
Q002007	Building
Q002008	uncertain
Q001326	uncertain
Q001201	Building
Q001202	Building
Q003645	uncertain
Q001182	Building
Q003646	Narrative
Q001175	uncertain
Q004842	Narrative
Q008902	uncertain
Q003644	Building
Q004244	Building
Q001056	Building
Q001062	Building
Q001057	Building
Q001063	Building
Q001058	Building
Q001059	Building
Q001060	Building
Q001064	Votive
Q001065	Building
Q001066	Building
Q001067	Narrative
Q001068	uncertain
Q001069	Votive
Q001070	unidentified
Q001071	Building
Q001337	Building
Q003648	uncertain
Q003649	Narrative
Q008415	Building
Q004252	Building
Q004834	uncertain
Q001072	uncertain
Q001075	Building
Q001076	Building
Q001077	Building
Q001078	Votive
Q001079	Votive
Q001073	Building
Q001080	Building
Q001081	Narrative
Q001082	Building
Q001083	Building
Q001084	Building
Q001085	Building
Q001086	Building
Q001087	unidentified
Q001088	Building
Q001089	uncertain
Q001090	Votive
Q001074	Building
Q001120	Building
Q001121	uncertain
Q001983	Narrative
Q001992	uncertain
Q001993	Building
Q001984	Building
Q001985	Building
Q001986	Building
Q001987	Building
Q001988	Building
Q001989	Building
Q001990	unidentified
Q001991	Building
Q001321	uncertain
Q001092	Building
Q001091	Building
Q001094	Building
Q001095	Building
Q001096	Building
Q003671	Building
Q001097	Building
Q001098	Building
Q001099	Building
Q001100	Narrative
Q001101	Building
Q001102	Votive
Q001103	Building
Q004843	Building
Q001105	Votive
Q001106	Building
Q001107	Votive
Q001108	Building
Q001109	Building
Q001110	Building
Q001111	Building
Q001112	Building
Q001113	Building
Q001115	Building
Q001116	Narrative
Q001117	Building
Q001093	Building
Q001118	Building
Q001119	unidentified
Q001247	unidentified
Q001362	Votive
Q001363	Votive
Q004864	uncertain
Q001365	Building
Q001366	Building
Q001982	Arad-seal
Q001433	uncertain
Q001434	uncertain
Q001435	unidentified
Q001196	Votive
Q001197	unidentified
Q001343	uncertain
Q008931	uncertain
Q008930	uncertain
Q008928	uncertain
Q008929	uncertain
Q003660	uncertain
Q004249	Votive
Q001325	Votive
Q000887	Building
Q001476	Votive
Q001532	Building
Q003228	Building
Q003229	Building
Q004877	Building
Q005315	Building
Q005316	Building
Q000893	Building
Q001477	Building
Q001478	Building
Q001479	Building
Q001480	Building
Q001481	Building
Q000894	Building
Q000895	Votive
Q000896	Building
Q000897	Building
Q000888	Building
Q000898	Building
Q008903	Arad-seal
Q008904	Arad-seal
Q008905	Seal
Q008906	Seal
Q000899	Building
Q001482	Building
Q001483	Votive
Q000900	Building
Q000901	Building
Q000902	Building
Q001484	Building
Q001485	Building
Q000903	Building
Q000889	Building
Q001486	Building
Q000904	Building
Q001487	Building
Q000905	Votive
Q000906	Votive
Q000907	Building
Q001488	Votive
Q000908	Building
Q001489	Building
Q000909	Building
Q000890	Building
Q000910	Building
Q000911	Building
Q000912	Building
Q000913	Building
Q000914	Building
Q001490	Building
Q001491	Building
Q001492	Building
Q000915	Building
Q000916	Building
Q001473	Building
Q001493	Building
Q000917	Building
Q001494	Building
Q001495	Building
Q000918	Votive
Q001496	Votive
Q003220	Building
Q001497	Votive
Q001498	Votive
Q001499	Votive
Q001500	Building
Q000891	Building
Q001501	Building
Q001502	Building
Q000919	Building
Q000920	Building
Q000921	Building
Q001503	Building
Q000922	Votive
Q000923	Building
Q001504	Building
Q001505	Votive
Q001474	Building
Q001506	Building
Q001507	Building
Q000924	Building
Q000925	Building
Q001508	Building
Q001509	Building
Q001510	Votive
Q001511	Votive
Q001512	Votive
Q001513	Votive
Q000892	Building
Q000926	Building
Q001514	Building
Q001515	Building
Q000927	Building
Q001516	Building
Q001517	Building
Q001518	Building
Q001519	Building
Q001520	Building
Q001521	Votive
Q001475	Building
Q001522	Votive
Q001523	Votive
Q001524	Votive
Q001525	Votive
Q001526	Votive
Q001527	Votive
Q001528	Votive
Q001529	Votive
Q001530	Votive
Q001531	Votive
Q001533	Building
Q001538	Building
Q001539	Building
Q001534	Building
Q001535	Building
Q001536	Building
Q001537	Building
Q001540	Building
Q001565	Building
Q001541	Building
Q001542	Building
Q001543	Building
Q001544	Building
Q001545	Building
Q001546	Building
Q001547	Building
Q001548	Building
Q001549	Votive
Q001551	Building
Q001552	Building
Q001553	Building
Q001554	Building
Q001555	Building
Q001556	Building
Q001557	Statue
Q001558	Votive
Q001559	Building
Q001560	Statue
Q001561	Building
Q001562	Statue
Q001563	Statue
Q001564	Statue
Q002013	Year names
Q002014	Votive
Q002015	Votive
Q002018	Seal
Q002019	Seal
Q002020	Seal
Q002016	Building
Q002017	uncertain
Q004449	Building
Q001444	Narrative
Q001590	Votive
Q007321	Seal
Q002180	Votive
Q002186	Narrative
Q002195	Family
Q002187	Building
Q002188	Building
Q002189	unidentified
Q002190	Building
Q002191	unidentified
Q002192	Building
Q002193	uncertain
Q002194	uncertain
Q002181	Building
Q002196	Votive
Q002197	Votive
Q002198	Seal
Q002199	Seal
Q002200	Seal
Q002201	Seal
Q002202	Seal
Q002203	Seal
Q002204	Seal
Q002205	Seal
Q002206	Seal
Q002207	Seal
Q002208	Seal
Q002209	Seal
Q002210	Seal
Q002211	Seal
Q002212	Seal
Q002213	Seal
Q002214	Seal
Q002215	Seal
Q002216	Seal
Q002217	Seal
Q002182	Narrative
Q002183	uncertain
Q002184	Building
Q002185	Building
Q002218	Seal
Q004952	Seal
Q004953	Seal
Q004954	Arad-seal
Q004955	Arad-seal
Q004956	Arad-seal
Q004957	Arad-seal
Q004958	Arad-seal
Q004959	Arad-seal
Q004960	Arad-seal
Q004961	Arad-seal
Q004962	Arad-seal
Q004963	Seal
Q004964	Arad-seal
Q004965	Arad-seal
Q004966	Arad-seal
Q004967	Arad-seal
Q004968	Arad-seal
Q004969	Arad-seal
Q004970	Arad-seal
Q004971	Arad-seal
Q004972	Arad-seal
Q004973	Arad-seal
Q004974	Arad-seal
Q004975	Arad-seal
Q004976	Arad-seal
Q004977	Arad-seal
Q004978	Arad-seal
Q004979	Arad-seal
Q004980	Arad-seal
Q004981	Arad-seal
Q004982	Arad-seal
Q004983	Arad-seal
Q004984	Arad-seal
Q004985	Arad-seal
Q004986	Arad-seal
Q004987	Arad-seal
Q004988	Arad-seal
Q004989	Arad-seal
Q004990	Arad-seal
Q004991	Arad-seal
Q004992	Arad-seal
Q004993	Arad-seal
Q004994	Arad-seal
Q004995	Arad-seal
Q004996	Arad-seal
Q004997	Arad-seal
Q004998	Arad-seal
Q004999	Arad-seal
Q005000	Arad-seal
Q005001	Arad-seal
Q005002	Arad-seal
Q005003	Arad-seal
Q005004	Arad-seal
Q005005	Arad-seal
Q005006	Arad-seal
Q005007	Arad-seal
Q005008	Arad-seal
Q005009	Arad-seal
Q005010	Arad-seal
Q005011	Arad-seal
Q005012	Arad-seal
Q005013	Seal
Q005014	Arad-seal
Q005015	Arad-seal
Q005016	Arad-seal
Q005017	Arad-seal
Q005018	Arad-seal
Q005019	Arad-seal
Q005020	Arad-seal
Q005021	Arad-seal
Q005022	Arad-seal
Q005023	Arad-seal
Q005024	Arad-seal
Q005025	Arad-seal
Q005026	Arad-seal
Q005027	Arad-seal
Q005028	Arad-seal
Q001005	Narrative
Q001849	Votive
Q001856	Seal
Q001857	Arad-seal
Q001858	Arad-seal
Q001859	Votive
Q001860	Votive
Q001006	Arad-seal
Q001861	Arad-seal
Q001862	Arad-seal
Q001863	Arad-seal
Q001864	Arad-seal
Q001865	Seal
Q001866	Arad-seal
Q001867	Arad-seal
Q001869	Votive
Q001870	Votive
Q001871	Votive
Q001850	Votive
Q001851	Votive
Q001852	Votive
Q001853	Arad-seal
Q001854	Arad-seal
Q001855	unidentified
Q001848	Year names
Q004276	Arad-seal
Q001941	Votive
Q001942	Votive
Q001944	Arad-seal
Q001943	Votive
Q001324	Building
Q002256	Building
Q002219	Building
Q003652	uncertain
Q003653	uncertain
Q004873	Building
Q001920	Votive
Q001921	Arad-seal
Q001922	Seal
Q001923	Arad-seal
Q001924	Seal
Q001925	Arad-seal
Q001926	Arad-seal
Q001927	Arad-seal
Q001928	Arad-seal
Q001929	Arad-seal
Q001930	Arad-seal
Q001931	Arad-seal
Q001932	Arad-seal
Q001933	Arad-seal
Q001945	Narrative
Q001952	unidentified
Q001953	Building
Q001954	Votive
Q001955	Votive
Q001956	uncertain
Q001957	Narrative
Q001946	Narrative
Q001958	Votive
Q001947	unidentified
Q001948	unidentified
Q001949	Building
Q001950	Votive
Q001951	Narrative
Q005031	Votive
Q001451	unidentified
Q001452	Family
Q002178	Building
Q002179	Votive
Q001591	Family
Q001592	Family
Q001593	Votive
Q001594	Family
Q001595	Family
Q001596	Family
Q001597	Votive
Q001598	Family
Q001599	Family
Q001600	Votive
Q001601	Family
Q001602	Family
Q001603	Votive
Q001604	Family
Q001605	Family
Q001606	Votive
Q001607	Votive
Q001608	Votive
Q001609	Family
Q001610	Votive
Q001611	Votive
Q001612	Family
Q001613	Family
Q001614	Votive
Q001615	Family
Q001616	Building
Q004255	Building
Q004256	Building
Q004257	Votive
Q004258	Votive
Q004259	Votive
Q004260	Family
Q004261	Votive
Q004262	Family
Q004263	Votive
Q004264	Family
Q004265	Family
Q004266	Votive
Q004267	Building
Q004268	Votive
Q004269	Votive
Q004270	Votive
Q004271	Family
Q004272	Family
Q004273	Family
Q004274	Votive
Q004275	Votive
Q004881	Votive
Q004882	Votive
Q004883	Family
Q004884	Building
Q004885	Votive
Q008909	Family
Q004886	Family
Q004887	Family
Q004888	Family
Q004889	Family
Q004890	Votive
Q004891	Votive
Q004892	Votive
Q004893	Family
Q004894	Family
Q004895	Family
Q000613	Narrative
Q004103	Building
Q001959	Narrative
Q001960	Building
Q001967	Arad-seal
Q001968	Arad-seal
Q001969	Arad-seal
Q001970	Seal
Q001961	Building
Q001962	Building
Q001963	Building
Q001964	Building
Q001965	Votive
Q000872	Building
Q000873	Building
Q005285	Building
Q001439	Arad-seal
Q003650	uncertain
Q003651	uncertain
Q001382	Narrative
Q001248	Building
Q001249	uncertain
Q004253	Building
Q003668	Votive
Q000874	Arad-seal
Q003657	Building
Q001447	Building
Q001122	Statue
Q001203	uncertain
Q001442	Arad-seal
Q001367	Votive
Q001368	Votive
Q001369	Votive
Q001370	Votive
Q003909	uncertain
Q001372	uncertain
Q001373	unidentified
Q001374	Votive
Q001375	Arad-seal
Q001376	Votive
Q003669	Building
Q000871	uncertain
Q001379	Votive
Q001380	Building
Q001381	Narrative
Q001204	uncertain
Q001205	uncertain
Q000879	unidentified
Q000844	uncertain
Q001241	uncertain
Q001242	uncertain
Q001198	uncertain
Q001244	Building
Q001245	Building
Q001246	uncertain
Q003667	uncertain
Q001329	Votive
Q001328	uncertain
Q001336	uncertain
Q001441	Votive
Q003665	uncertain
Q003666	uncertain
Q003661	uncertain
Q003662	uncertain
Q003663	uncertain
Q003637	Votive
Q004105	Building
Q005030	Arad-seal
Q001446	Building
Q001255	Votive
Q005280	Votive
Q001438	Arad-seal
Q001578	Narrative
Q001584	Votive
Q000933	Votive
Q001585	Votive
Q001586	Votive
Q001587	Votive
Q001588	Votive
Q001589	Votive
Q000934	Votive
Q000930	Building
Q000931	uncertain
Q001579	Votive
Q001580	Votive
Q001581	Votive
Q000932	Votive
Q001582	Votive
Q001583	Votive
Q001425	Family
Q001423	Building
Q001426	Arad-seal
Q001427	Votive
Q001428	Arad-seal
Q001429	Arad-seal
Q001424	uncertain
Q001422	Year names
Q004245	Votive
Q002041	Year names
Q002042	Building
Q002043	Building
Q002049	Seal
Q002050	Seal
Q002051	Arad-seal
Q002052	Arad-seal
Q002053	Arad-seal
Q002054	Arad-seal
Q002055	Seal
Q002056	Seal
Q002057	Seal
Q002058	Seal
Q002059	Seal
Q002060	Seal
Q002061	Seal
Q002044	Building
Q002045	Building
Q002046	Building
Q002047	Building
Q002048	Building
Q001994	Building
Q000881	Narrative
Q008911	Votive
Q005345	uncertain
Q000875	Narrative
Q001448	Seal
Q004865	Votive
Q008414	uncertain
Q003638	uncertain
Q003640	Narrative
Q008426	Narrative
Q004838	uncertain
Q003643	uncertain
Q004840	uncertain
Q004841	uncertain
Q003670	uncertain
Q003647	Building
Q003654	Building
Q004860	uncertain
Q004861	uncertain
Q004866	Narrative
Q003673	Votive
Q003672	uncertain
Q004863	unidentified
Q004871	uncertain
Q004836	uncertain
Q004809	uncertain
Q004810	Narrative
Q004811	uncertain
Q004869	Narrative
Q004835	uncertain
Q008416	uncertain
Q005312	Narrative
Q005314	Building
Q001686	uncertain
Q005351	uncertain
Q005349	Building
Q006337	Building
Q006339	uncertain
Q006340	Building
Q006374	uncertain
Q006377	Building
Q006370	Votive
Q006394	Building
Q006395	Building
Q008428	Building
Q008425	Votive
Q006349	uncertain
Q006354	Building
Q006439	Building
Q006438	unidentified
Q002146	Year names
Q002147	Votive
Q002157	Building
Q006368	Building
Q002177	Building
Q002158	Building
Q002159	Narrative
Q002160	Votive
Q002176	Building
Q002152	Building
Q002153	Building
Q002161	Building
Q002174	Building
Q002162	Building
Q002166	Votive
Q002167	Votive
Q002168	Votive
Q002169	Votive
Q002170	Building
Q002171	Votive
Q002172	Votive
Q002163	uncertain
Q002164	uncertain
Q002165	Votive
Q002175	Building
Q002148	Building
Q006369	Building
Q002154	Building
Q002155	Building
Q002156	Building
Q002149	Building
Q002173	Year names
Q001413	uncertain
Q000842	Narrative
Q001414	unidentified
Q001421	Votive
Q001415	uncertain
Q001416	uncertain
Q001417	uncertain
Q001418	uncertain
Q000836	uncertain
Q001419	uncertain
Q001420	uncertain
Q001412	Year names
Q002101	Year names
Q002102	Building
Q002103	Building
Q002220	Votive
Q002221	Narrative
Q002222	Votive
Q002223	Narrative
Q002224	Building
Q002225	Building
Q002228	Building
Q002230	Seal
Q002227	Seal
Q000834	Building
Q001404	uncertain
Q001403	Narrative
Q001405	uncertain
Q001406	uncertain
Q001407	uncertain
Q000835	Building
Q001397	uncertain
Q001408	Votive
Q001409	Seal
Q001410	Seal
Q001411	Arad-seal
Q004875	Votive
Q004876	Votive
Q001398	uncertain
Q001399	uncertain
Q001400	uncertain
Q001401	uncertain
Q001402	uncertain
Q001396	Year names
Q001919	Year names
Q001650	Year names
Q001868	Narrative
Q002093	Year names
Q006365	Building
Q002253	Building
Q002254	Building
Q002255	Building
Q002062	Year names
Q002063	Building
Q002072	Building
Q002073	Building
Q002074	Votive
Q002075	Building
Q002076	Building
Q002077	Building
Q002064	Building
Q002078	Seal
Q002079	Seal
Q002080	Seal
Q002081	Seal
Q002082	Seal
Q002083	Seal
Q002084	Seal
Q002085	Seal
Q002086	Seal
Q002087	Seal
Q002088	Seal
Q002089	Seal
Q002090	Seal
Q002091	Seal
Q002065	Building
Q002092	Seal
Q002066	Building
Q002067	Building
Q002068	Building
Q002070	Building
Q002071	Building
Q002095	Year names
Q002096	Building
Q002097	Building
Q002099	Votive
Q002100	Seal
Q002098	Building
Q002094	uncertain
Q002238	uncertain
Q002247	Building
Q002248	Building
Q002249	Building
Q002250	Building
Q002251	Building
Q002252	Building
Q002239	Building
Q002240	Building
Q002241	Building
Q002242	Building
Q002243	Building
Q002244	Building
Q002245	Building
Q002246	Building
Q001999	Building
Q002000	Building
Q002002	Arad-seal
Q002003	Arad-seal
Q002004	Arad-seal
Q002001	uncertain
Q002031	Year names
Q002032	Building
Q002033	Building
Q002034	Votive
Q002035	Votive
Q002036	Arad-seal
Q002037	Arad-seal
Q002038	Seal
Q002039	Seal
Q002040	Arad-seal
Q001440	Votive
Q001432	Arad-seal
Q001431	Votive
Q001430	Year names
Q001445	uncertain
Q000377	Building
Q004251	uncertain
Q001183	uncertain
Q006371	Narrative
Q006372	uncertain
Q001243	Votive
Q004874	Votive
Q008910	uncertain
Q001395	Year names
Q001872	Building
Q001873	Building
Q001874	Family
Q001875	Building
Q001876	Family
Q001877	Building
Q001007	Family
Q001878	Family
Q001879	Family
Q001880	Family
Q001881	Family
Q001882	Family
Q001883	Building
Q001884	Family
Q001885	Votive
Q001886	Building
Q001887	Votive
Q001888	Family
Q001893	Family
Q001894	Family
Q001895	Family
Q001896	Votive
Q001008	Votive
Q001897	Family
Q001898	Family
Q001899	Votive
Q001900	Family
Q001901	Family
Q001902	Votive
Q001903	Votive
Q001904	Votive
Q001905	Votive
Q001906	Votive
Q001907	Votive
Q001908	Family
Q001909	Family
Q001910	Family
Q001911	Arad-seal
Q001912	Votive
Q001913	Arad-seal
Q001914	Votive
Q001915	Arad-seal
Q005029	Family
Q003655	uncertain
Q004868	unidentified
Q003656	Building
Q003642	Building
Q001049	Building
Q003641	Building
Q006336	uncertain
Q004878	Votive
Q004879	Votive
Q004880	Votive
Q005352	Votive
Q001443	uncertain
Q000882	Building
Q001471	Votive
Q001472	Votive
Q000885	unidentified
Q000886	uncertain
Q001465	Building
Q000883	Building
Q000884	Building
Q001466	Building
Q001467	Building
Q001468	Votive
Q001469	Votive
Q001470	Votive
Q001996	Building
Q001997	unidentified
Q001998	Building
Q001257	Votive
Q001258	uncertain
Q004247	Votive
Q001574	Votive
Q001575	Votive
Q001576	Votive
Q001450	Votive
Q001323	Building
Q001577	Votive
Q001618	Building
Q000938	Building
Q000939	Building
Q000940	Building
Q000941	Building
Q000942	Building
Q000943	Building
Q000944	Building
Q000945	Building
Q001624	Votive
Q000946	Narrative
Q000935	Building
Q001649	Arad-seal
Q001625	Narrative
Q001626	Narrative
Q001627	Building
Q001628	Building
Q000949	Building
Q000950	Building
Q000951	Building
Q001629	Narrative
Q000952	Building
Q001630	Votive
Q001619	Building
Q001632	Building
Q001633	Building
Q000953	Building
Q000954	Building
Q000955	Building
Q001634	Building
Q000956	Building
Q001635	Building
Q000957	Narrative
Q000936	Building
Q000958	unidentified
Q001636	uncertain
Q001637	uncertain
Q001638	Votive
Q001639	unidentified
Q001640	Votive
Q001641	Votive
Q001642	Votive
Q001643	uncertain
Q001644	uncertain
Q000937	Building
Q001645	uncertain
Q001646	Arad-seal
Q001647	unidentified
Q001648	uncertain
Q000959	Votive
Q004896	Votive
Q004897	uncertain
Q001620	Building
Q001621	Building
Q001622	Building
Q001623	uncertain
Q001617	Year names
Q001917	Votive
Q001016	uncertain
Q001019	Building
Q001020	Building
Q001017	Building
Q001021	Building
Q001022	Building
Q001023	Building
Q001024	Building
Q001025	Building
Q001026	Building
Q001042	Building
Q001028	Building
Q001029	Building
Q001030	Building
Q001031	Building
Q001032	Building
Q001033	Building
Q001034	Building
Q001035	Building
Q001036	Building
Q001037	Building
Q001038	Building
Q001039	Building
Q001040	Building
Q001044	uncertain
Q001045	uncertain
Q001046	uncertain
Q001047	Votive
Q001048	uncertain
Q001050	Building
Q001051	Building
Q001018	Building
Q001449	Building
Q001916	uncertain
Q001009	uncertain
Q001459	Building
Q001460	Building
Q001461	Votive
Q001462	Votive
Q001463	Votive
Q001464	Votive
Q001566	Building
Q001573	uncertain
Q000928	Building
Q000929	Building
Q001567	unidentified
Q001568	Votive
Q001569	Building
Q001570	unidentified
Q001571	Votive
Q001572	unidentified
Q001971	Narrative
Q001972	Building
Q003659	uncertain
Q001123	Building
Q001128	Building
Q001129	Building
Q001130	Building
Q001131	Votive
Q001132	Building
Q001133	Building
Q001134	uncertain
Q001135	uncertain
Q001136	unidentified
Q001137	unidentified
Q001138	unidentified
Q001139	unidentified
Q001140	unidentified
Q001141	unidentified
Q001142	unidentified
Q001143	unidentified
Q001144	unidentified
Q001145	unidentified
Q001146	unidentified
Q001147	unidentified
Q001148	unidentified
Q001149	uncertain
Q001150	uncertain
Q001151	uncertain
Q001152	unidentified
Q001153	unidentified
Q001154	uncertain
Q001124	Building
Q001155	uncertain
Q001156	Building
Q001157	uncertain
Q001158	uncertain
Q001159	uncertain
Q001160	uncertain
Q001161	uncertain
Q001162	uncertain
Q001163	uncertain
Q001164	uncertain
Q001165	uncertain
Q001166	uncertain
Q001167	uncertain
Q001168	uncertain
Q001169	uncertain
Q001170	uncertain
Q001171	uncertain
Q001125	Building
Q001172	uncertain
Q001126	Building
Q001127	Building
Q001436	Votive
Q001453	Arad-seal
Q001250	unidentified
Q000376	Building
Q000876	Building
Q001454	Building
Q001457	Votive
Q001458	Votive
Q000877	Building
Q001455	Building
Q001456	Narrative
Q002104	Year names
Q002105	Building
Q002114	Votive
Q002138	Votive
Q002139	Votive
Q006366	Family
Q002115	Building
Q002116	Votive
Q002117	Building
Q002118	Statue
Q002119	Votive
Q002120	Votive
Q002121	Arad-seal
Q002122	Building
Q002123	Votive
Q002106	Building
Q002124	Votive
Q002141	Votive
Q002142	Arad-seal
Q002143	Arad-seal
Q002144	Arad-seal
Q002145	Arad-seal
Q002125	Votive
Q002126	Votive
Q002127	Votive
Q002128	Building
Q002129	Building
Q002130	Building
Q002131	Votive
Q002132	Votive
Q002133	Building
Q002107	Votive
Q002134	Votive
Q002135	uncertain
Q002136	unidentified
Q002137	uncertain
Q002108	Building
Q002109	Votive
Q002110	Votive
Q002111	Votive
Q002112	Narrative
Q002113	Building
Q001995	Building
Q006341	Building
Q002226	Family
Q004254	uncertain
Q004355	Arad-seal
Q004356	Arad-seal
Q004357	Arad-seal
Q004358	Arad-seal
Q004359	Arad-seal
Q004360	Arad-seal
Q004361	Arad-seal
Q004362	Arad-seal
Q004363	Arad-seal
Q004364	Arad-seal
Q004365	Arad-seal
Q004366	Arad-seal
Q004367	Arad-seal
Q004368	Arad-seal
Q004369	Arad-seal
Q004370	Seal
Q004371	Seal
Q004372	Arad-seal
Q004373	Arad-seal
Q004374	Arad-seal
Q004375	Arad-seal
Q004376	Arad-seal
Q004377	Arad-seal
Q004378	Arad-seal
Q004379	Arad-seal
Q004380	Arad-seal
Q004381	Seal
Q004382	Arad-seal
Q004383	Arad-seal
Q004384	Arad-seal
Q004385	Arad-seal
Q004386	Arad-seal
Q004387	Arad-seal
Q004388	Arad-seal
Q004389	Seal
Q004390	Arad-seal
Q004391	Arad-seal
Q004392	Arad-seal
Q004393	Seal
Q004394	Arad-seal
Q004395	Arad-seal
Q004396	Arad-seal
Q004397	Arad-seal
Q004398	Arad-seal
Q004399	Arad-seal
Q004400	Arad-seal
Q004401	Arad-seal
Q004402	Arad-seal
Q004403	Votive
Q004404	Arad-seal
Q004405	Arad-seal
Q004406	Seal
Q004407	Arad-seal
Q004408	Arad-seal
Q004409	Arad-seal
Q004410	Arad-seal
Q004411	Arad-seal
Q004412	Arad-seal
Q004413	Arad-seal
Q004414	Arad-seal
Q004415	Arad-seal
Q004416	Arad-seal
Q004417	Arad-seal
Q004418	Arad-seal
Q004419	Arad-seal
Q004420	Arad-seal
Q004421	Arad-seal
Q004422	Arad-seal
Q004423	Arad-seal
Q004424	Seal
Q004425	Arad-seal
Q004426	Arad-seal
Q004427	Arad-seal
Q004428	Arad-seal
Q004429	Arad-seal
Q004430	Arad-seal
Q004431	Arad-seal
Q004432	Arad-seal
Q004433	Arad-seal
Q004434	Arad-seal
Q004435	Arad-seal
Q004436	Arad-seal
Q004437	Arad-seal
Q004438	Seal
Q004439	Arad-seal
Q004440	Arad-seal
Q004441	Arad-seal
Q004442	Arad-seal
Q004443	Arad-seal
Q004444	Arad-seal
Q004445	Arad-seal
Q004446	Arad-seal
Q004447	Arad-seal
Q004900	Arad-seal
Q004901	Arad-seal
Q004902	Arad-seal
Q004903	Arad-seal
Q004904	Arad-seal
Q004905	Arad-seal
Q004906	Arad-seal
Q004907	Arad-seal
Q004908	Arad-seal
Q004909	Arad-seal
Q004910	Arad-seal
Q004911	Seal
Q004912	Arad-seal
Q004913	Arad-seal
Q004914	Arad-seal
Q004915	Arad-seal
Q004916	Arad-seal
Q004917	Arad-seal
Q004918	Arad-seal
Q004919	Arad-seal
Q004920	Arad-seal
Q004921	Arad-seal
Q004922	Arad-seal
Q004923	Arad-seal
Q004924	Arad-seal
Q004925	Arad-seal
Q004926	Arad-seal
Q004927	Arad-seal
Q004928	Arad-seal
Q004929	Arad-seal
Q004930	Arad-seal
Q004931	Arad-seal
Q004932	Arad-seal
Q004933	Arad-seal
Q004934	Arad-seal
Q004935	Arad-seal
Q004936	Arad-seal
Q004937	Arad-seal
Q004938	Arad-seal
Q004939	Arad-seal
Q004940	Arad-seal
Q004941	Arad-seal
Q004942	Arad-seal
Q004943	Seal
Q004944	Arad-seal
Q004945	Arad-seal
Q004946	Arad-seal
Q004947	Seal
Q004948	Arad-seal
Q004949	Arad-seal
Q004950	Arad-seal
Q004951	Arad-seal
Q008907	Seal
Q008908	Arad-seal
Q001934	Votive
Q001935	Building
Q001938	Seal
Q001939	Seal
Q001940	Arad-seal
Q001936	Building
Q001937	uncertain
Q001651	Building
Q000964	Building
Q008912	Building
Q000965	Building
Q000966	Building
Q000967	Building
Q001656	Building
Q001657	Building
Q000968	Building
Q001658	Building
Q000969	Building
Q001660	unidentified
Q001652	Building
Q000971	Building
Q001729	Votive
Q001730	Arad-seal
Q001731	Arad-seal
Q001732	Votive
Q001733	Arad-seal
Q001734	Arad-seal
Q001735	Seal
Q001736	Arad-seal
Q001737	Arad-seal
Q001738	Votive
Q001739	Building
Q001740	Votive
Q001741	Arad-seal
Q001742	Arad-seal
Q001743	Arad-seal
Q001744	Arad-seal
Q001745	Arad-seal
Q001746	Arad-seal
Q001747	Arad-seal
Q001748	Arad-seal
Q001749	Arad-seal
Q001750	Arad-seal
Q001751	Votive
Q001752	Arad-seal
Q001753	Seal
Q001754	Arad-seal
Q001755	Arad-seal
Q001756	Arad-seal
Q001757	Arad-seal
Q001758	Votive
Q001759	Votive
Q001760	Votive
Q001761	Votive
Q001762	Votive
Q001763	Seal
Q001764	Votive
Q001765	Votive
Q001766	Votive
Q001767	Votive
Q001768	Votive
Q001769	Votive
Q001770	Votive
Q001771	Votive
Q001772	Votive
Q001773	Votive
Q001774	Votive
Q001775	Votive
Q001777	Seal
Q001778	Votive
Q001779	Seal
Q001780	Arad-seal
Q001781	Votive
Q001782	Seal
Q001783	Votive
Q001784	Votive
Q001785	Seal
Q001786	Seal
Q001787	Votive
Q004278	Arad-seal
Q004279	Arad-seal
Q004280	Arad-seal
Q004281	Arad-seal
Q004282	Arad-seal
Q004283	Arad-seal
Q004284	Arad-seal
Q004285	Arad-seal
Q004286	Arad-seal
Q004287	Arad-seal
Q004288	Seal
Q004289	Arad-seal
Q004290	Arad-seal
Q004291	Arad-seal
Q004292	Arad-seal
Q004293	Arad-seal
Q004294	Arad-seal
Q004295	Arad-seal
Q004296	Arad-seal
Q004297	Arad-seal
Q004298	Arad-seal
Q004299	Arad-seal
Q004300	Arad-seal
Q004301	Seal
Q004302	Arad-seal
Q004303	Arad-seal
Q004304	Arad-seal
Q004305	Arad-seal
Q004306	Arad-seal
Q004307	Seal
Q004308	Seal
Q004309	Arad-seal
Q004310	Arad-seal
Q004311	Arad-seal
Q004312	Arad-seal
Q004313	Arad-seal
Q004314	Arad-seal
Q004315	Arad-seal
Q004316	Seal
Q004317	Seal
Q000972	Votive
Q004318	Arad-seal
Q004319	Arad-seal
Q004320	Arad-seal
Q004321	Arad-seal
Q004322	Arad-seal
Q004323	Arad-seal
Q004324	Arad-seal
Q004325	Arad-seal
Q004326	Arad-seal
Q004327	Arad-seal
Q004328	Arad-seal
Q004329	Arad-seal
Q004330	Seal
Q004331	Seal
Q004332	Arad-seal
Q004333	Arad-seal
Q004334	Arad-seal
Q004335	Seal
Q004336	Arad-seal
Q004337	Arad-seal
Q004338	Arad-seal
Q004339	Arad-seal
Q004340	Arad-seal
Q004341	Arad-seal
Q004342	Arad-seal
Q004343	Arad-seal
Q004344	Arad-seal
Q004345	Seal
Q004346	Arad-seal
Q004347	Arad-seal
Q004348	Arad-seal
Q004349	Arad-seal
Q004350	Arad-seal
Q004351	Arad-seal
Q008913	Votive
Q000973	unidentified
Q001662	Building
Q000974	Building
Q000960	Building
Q000975	Building
Q000976	Building
Q000977	Building
Q001668	Building
Q001670	Narrative
Q001671	Narrative
Q001672	Narrative
Q000978	uncertain
Q000961	Building
Q001673	uncertain
Q001674	uncertain
Q000979	uncertain
Q001675	uncertain
Q001676	uncertain
Q001678	uncertain
Q001679	uncertain
Q001680	Votive
Q001681	uncertain
Q001653	Building
Q001682	unidentified
Q001683	unidentified
Q001684	unidentified
Q001685	unidentified
Q001687	Votive
Q001688	Votive
Q001689	unidentified
Q001690	Votive
Q001691	Votive
Q000962	Building
Q001692	Votive
Q001693	uncertain
Q001694	Votive
Q001695	Votive
Q001696	Building
Q001698	Votive
Q001699	Arad-seal
Q001700	Arad-seal
Q001701	Arad-seal
Q001654	Building
Q001702	Arad-seal
Q001703	uncertain
Q001704	Votive
Q001705	Arad-seal
Q001706	Arad-seal
Q001707	unidentified
Q001708	Arad-seal
Q001709	Arad-seal
Q001710	Arad-seal
Q001711	Arad-seal
Q001655	unidentified
Q001712	uncertain
Q001713	Votive
Q001714	unidentified
Q001715	unidentified
Q001716	unidentified
Q001717	Narrative
Q001718	Arad-seal
Q001719	Arad-seal
Q001720	Votive
Q000980	unidentified
Q000963	Building
Q001721	Arad-seal
Q001722	uncertain
Q001723	Arad-seal
Q001724	Arad-seal
Q001725	unidentified
Q001726	unidentified
Q001727	Arad-seal
Q001728	Arad-seal
