Q000376	The victory of Utu-hegal	etcsl:2.1.6	Old Babylonian
Q000377	The building of Ningirsu's temple (Gudea, cylinders A and B)	etcsl:2.1.7	Lagaš II
Q000613	Laws of Lipit-Eštar	etcsl:3.4.2	Old Babylonian
Q000834	Sargon 01 (Sumerian)	rim:E2.1.1.1	Old Akkadian
Q000835	Sargon 16	rim:E2.1.1.16	Old Akkadian
Q000836	Rimuš 07	rim:E2.1.2.7	Old Akkadian
Q000842	Rimuš 18 (Sumerian)	rim:E2.1.2.18	Old Akkadian
Q000844	Maništušu 1	rim:E2.1.3.1	Old Akkadian
Q000871	Lugal-nigzu 1	rim:E2.6.2.1	Old Akkadian
Q000872	Lu-Utu 1	rim:E2.11.6.1	Old Akkadian
Q000873	Lu-Utu 2	rim:E2.11.6.2	Old Akkadian
Q000874	Lugal-ušumgal 2001	rim:E2.12.3.2001	Old Akkadian
Q000875	Puzurmama 1	rim:E2.12.5.1	Old Akkadian
Q000876	Utu-hegal 1	rim:E2.13.6.1	Old Akkadian
Q000877	Utu-hegal 3	rim:E2.13.6.3	Old Akkadian
Q000879	Lusaga 1	rim:E2.15.1.1	Old Akkadian
Q000881	Pirigme 1	rim:E3/1.1.2.1	Lagaš II
Q000882	Ur-Bau 01	rim:E3/1.1.6.1	Lagaš II
Q000883	Ur-Bau 03	rim:E3/1.1.6.3	Lagaš II
Q000884	Ur-Bau 04	rim:E3/1.1.6.4	Lagaš II
Q000885	Ur-Bau 12	rim:E3/1.1.6.12	Lagaš II
Q000886	Ur-Bau 13	rim:E3/1.1.6.13	Lagaš II
Q000887	Gudea 001	rim:E3/1.1.7.1	Lagaš II
Q000888	Gudea 002	rim:E3/1.1.7.2	Lagaš II
Q000889	Gudea 003	rim:E3/1.1.7.3	Lagaš II
Q000890	Gudea 004	rim:E3/1.1.7.4	Lagaš II
Q000891	Gudea 006	rim:E3/1.1.7.6	Lagaš II
Q000892	Gudea 008	rim:E3/1.1.7.8	Lagaš II
Q000893	Gudea 011	rim:E3/1.1.7.11	Lagaš II
Q000894	Gudea 016	rim:E3/1.1.7.16	Lagaš II
Q000895	Gudea 017	rim:E3/1.1.7.17	Lagaš II
Q000896	Gudea 018	rim:E3/1.1.7.18	Lagaš II
Q000897	Gudea 019	rim:E3/1.1.7.19	Lagaš II
Q000898	Gudea 020	rim:E3/1.1.7.20	Lagaš II
Q000899	Gudea 021	rim:E3/1.1.7.21	Lagaš II
Q000900	Gudea 024	rim:E3/1.1.7.24	Lagaš II
Q000901	Gudea 025	rim:E3/1.1.7.25	Lagaš II
Q000902	Gudea 026	rim:E3/1.1.7.26	Lagaš II
Q000903	Gudea 029	rim:E3/1.1.7.29	Lagaš II
Q000904	Gudea 031	rim:E3/1.1.7.31	Lagaš II
Q000905	Gudea 033	rim:E3/1.1.7.33	Lagaš II
Q000906	Gudea 034	rim:E3/1.1.7.34	Lagaš II
Q000907	Gudea 035	rim:E3/1.1.7.35	Lagaš II
Q000908	Gudea 037	rim:E3/1.1.7.37	Lagaš II
Q000909	Gudea 039	rim:E3/1.1.7.39	Lagaš II
Q000910	Gudea 040	rim:E3/1.1.7.40	Lagaš II
Q000911	Gudea 041	rim:E3/1.1.7.41	Lagaš II
Q000912	Gudea 042	rim:E3/1.1.7.42	Lagaš II
Q000913	Gudea 043	rim:E3/1.1.7.43	Lagaš II
Q000914	Gudea 044	rim:E3/1.1.7.44	Lagaš II
Q000915	Gudea 048	rim:E3/1.1.7.48	Lagaš II
Q000916	Gudea 049	rim:E3/1.1.7.49	Lagaš II
Q000917	Gudea 051	rim:E3/1.1.7.51	Lagaš II
Q000918	Gudea 054	rim:E3/1.1.7.54	Lagaš II
Q000919	Gudea 062	rim:E3/1.1.7.62	Lagaš II
Q000920	Gudea 063	rim:E3/1.1.7.63	Lagaš II
Q000921	Gudea 064	rim:E3/1.1.7.64	Lagaš II
Q000922	Gudea 066	rim:E3/1.1.7.66	Lagaš II
Q000923	Gudea 067	rim:E3/1.1.7.67	Lagaš II
Q000924	Gudea 072	rim:E3/1.1.7.72	Lagaš II
Q000925	Gudea 073	rim:E3/1.1.7.73	Lagaš II
Q000926	Gudea 080	rim:E3/1.1.7.80	Lagaš II
Q000927	Gudea 083	rim:E3/1.1.7.83	Lagaš II
Q000928	Ur-Ningirsu II 02	rim:E3/1.1.8.2	Lagaš II
Q000929	Ur-Ningirsu II 03	rim:E3/1.1.8.3	Lagaš II
Q000930	Nammahni 02	rim:E3/1.1.12.2	Lagaš II
Q000931	Nammahni 03	rim:E3/1.1.12.3	Lagaš II
Q000932	Nammahni 07	rim:E3/1.1.12.7	Lagaš II
Q000933	Nammahni 11	rim:E3/1.1.12.11	Lagaš II
Q000934	Nammahni 17	rim:E3/1.1.12.17	Lagaš II
Q000935	Ur-Namma 02	rim:E3/2.1.1.2	Ur III
Q000936	Ur-Namma 04	rim:E3/2.1.1.4	Ur III
Q000937	Ur-Namma 05	rim:E3/2.1.1.5	Ur III
Q000938	Ur-Namma 10	rim:E3/2.1.1.10	Ur III
Q000939	Ur-Namma 11	rim:E3/2.1.1.11	Ur III
Q000940	Ur-Namma 12	rim:E3/2.1.1.12	Ur III
Q000941	Ur-Namma 13	rim:E3/2.1.1.13	Ur III
Q000942	Ur-Namma 14	rim:E3/2.1.1.14	Ur III
Q000943	Ur-Namma 15	rim:E3/2.1.1.15	Ur III
Q000944	Ur-Namma 16	rim:E3/2.1.1.16	Ur III
Q000945	Ur-Namma 17	rim:E3/2.1.1.17	Ur III
Q000946	Ur-Namma 19	rim:E3/2.1.1.19	Ur III
Q000947	Ur-Namma 20 (= Laws of Ur-Namma)	rim:E3/2.1.1.20	Ur III
Q000949	Ur-Namma 24	rim:E3/2.1.1.24	Ur III
Q000950	Ur-Namma 25	rim:E3/2.1.1.25	Ur III
Q000951	Ur-Namma 26	rim:E3/2.1.1.26	Ur III
Q000952	Ur-Namma 28	rim:E3/2.1.1.28	Ur III
Q000953	Ur-Namma 33	rim:E3/2.1.1.33	Ur III
Q000954	Ur-Namma 34	rim:E3/2.1.1.34	Ur III
Q000955	Ur-Namma 35	rim:E3/2.1.1.35	Ur III
Q000956	Ur-Namma 37	rim:E3/2.1.1.37	Ur III
Q000957	Ur-Namma 39	rim:E3/2.1.1.39	Ur III
Q000958	Ur-Namma 40	rim:E3/2.1.1.40	Ur III
Q000959	Ur-Namma 54	rim:E3/2.1.1.54	Ur III
Q000960	Šulgi 03	rim:E3/2.1.2.3	Ur III
Q000961	Šulgi 04	rim:E3/2.1.2.4	Ur III
Q000962	Šulgi 06	rim:E3/2.1.2.6	Ur III
Q000963	Šulgi 09	rim:E3/2.1.2.9	Ur III
Q000964	Šulgi 10	rim:E3/2.1.2.10	Ur III
Q000965	Šulgi 11	rim:E3/2.1.2.11	Ur III
Q000966	Šulgi 12	rim:E3/2.1.2.12	Ur III
Q000967	Šulgi 13	rim:E3/2.1.2.13	Ur III
Q000968	Šulgi 16	rim:E3/2.1.2.16	Ur III
Q000969	Šulgi 18	rim:E3/2.1.2.18	Ur III
Q000971	Šulgi 20	rim:E3/2.1.2.20	Ur III
Q000972	Šulgi 21	rim:E3/2.1.2.21	Ur III
Q000973	Šulgi 22	rim:E3/2.1.2.22	Ur III
Q000974	Šulgi 28	rim:E3/2.1.2.28	Ur III
Q000975	Šulgi 30	rim:E3/2.1.2.30	Ur III
Q000976	Šulgi 31	rim:E3/2.1.2.31	Ur III
Q000977	Šulgi 32	rim:E3/2.1.2.32	Ur III
Q000978	Šulgi 39 (and Šulgi 45)	rim:E3/2.1.2.39 and 45	Ur III
Q000979	Šulgi 42	rim:E3/2.1.2.42	Ur III
Q000980	Šulgi 89	rim:E3/2.1.2.89	Ur III
Q000981	Amar-Suen 01	rim:E3/2.1.3.1	Ur III
Q000982	Amar-Suen 04	rim:E3/2.1.3.4	Ur III
Q000983	Amar-Suen 08	rim:E3/2.1.3.8	Ur III
Q000984	Amar-Suen 09	rim:E3/2.1.3.9	Ur III
Q000985	Amar-Suen 10	rim:E3/2.1.3.10	Ur III
Q000986	Amar-Suen 13	rim:E3/2.1.3.13	Ur III
Q000987	Amar-Suen 14	rim:E3/2.1.3.14	Ur III
Q000988	Amar-Suen 15	rim:E3/2.1.3.15	Ur III
Q000989	Amar-Suen 16	rim:E3/2.1.3.16	Ur III
Q000990	Amar-Suen 17	rim:E3/2.1.3.17	Ur III
Q000991	Šu-Suen 01	rim:E3/2.1.4.1	Ur III
Q000992	Šu-Suen 03	rim:E3/2.1.4.3	Ur III
Q000993	Šu-Suen 05	rim:E3/2.1.4.5	Ur III
Q000994	Šu-Suen 07	rim:E3/2.1.4.7	Ur III
Q000995	Šu-Suen 10	rim:E3/2.1.4.10	Ur III
Q000996	Šu-Suen 12	rim:E3/2.1.4.12	Ur III
Q000997	Šu-Suen 13	rim:E3/2.1.4.13	Ur III
Q000998	Šu-Suen 15	rim:E3/2.1.4.15	Ur III
Q000999	Šu-Suen 16	rim:E3/2.1.4.16	Ur III
Q001000	Šu-Suen 17	rim:E3/2.1.4.17	Ur III
Q001001	Šu-Suen 19	rim:E3/2.1.4.19	Ur III
Q001002	Šu-Suen 20	rim:E3/2.1.4.20	Ur III
Q001003	Šu-Suen 21	rim:E3/2.1.4.21	Ur III
Q001005	Ibbi-Suen 01	rim:E3/2.1.5.1	Ur III
Q001006	Ibbi-Suen 2006	rim:E3/2.1.5.2006	Ur III
Q001007	Unattributed Ur III 1007	rim:E3/2.1.6.1007	Ur III
Q001008	Unattributed Ur III 1027	rim:E3/2.1.6.1027	Ur III
Q001009	Ur-Ningirsu 2	rim:E3/2.2.1.2	Ur III
Q001016	Ur-Nanše 01	rim:E1.9.1.1	Early Dynastic
Q001017	Ur-Nanše 07	rim:E1.9.1.7	Early Dynastic
Q001018	Ur-Nanše 19	rim:E1.9.1.19	Early Dynastic
Q001019	Ur-Nanše 29	rim:E1.9.1.29	Early Dynastic
Q001020	Ur-Nanše 30a	rim:E1.9.1.30a	Early Dynastic
Q001021	Ur-Nanše 02	rim:E1.9.1.2	Early Dynastic
Q001022	Ur-Nanše 03	rim:E1.9.1.3	Early Dynastic
Q001023	Ur-Nanše 04	rim:E1.9.1.4	Early Dynastic
Q001024	Ur-Nanše 05	rim:E1.9.1.5	Early Dynastic
Q001025	Ur-Nanše 17	rim:E1.9.1.17	Early Dynastic
Q001026	Ur-Nanše 11	rim:E1.9.1.11	Early Dynastic
Q001028	Ur-Nanše 12	rim:E1.9.1.12	Early Dynastic
Q001029	Ur-Nanše 10	rim:E1.9.1.10	Early Dynastic
Q001030	Ur-Nanše 13	rim:E1.9.1.13	Early Dynastic
Q001031	Ur-Nanše 14	rim:E1.9.1.14	Early Dynastic
Q001032	Ur-Nanše 15	rim:E1.9.1.15	Early Dynastic
Q001033	Ur-Nanše 18	rim:E1.9.1.18	Early Dynastic
Q001034	Ur-Nanše 16	rim:E1.9.1.16	Early Dynastic
Q001035	Ur-Nanše 20	rim:E1.9.1.20	Early Dynastic
Q001036	Ur-Nanše 21	rim:E1.9.1.21	Early Dynastic
Q001037	Ur-Nanše 22	rim:E1.9.1.22	Early Dynastic
Q001038	Ur-Nanše 23	rim:E1.9.1.23	Early Dynastic
Q001039	Ur-Nanše 08	rim:E1.9.1.8	Early Dynastic
Q001040	Ur-Nanše 31	rim:E1.9.1.31	Early Dynastic
Q001042	Ur-Nanše 26	rim:E1.9.1.26	Early Dynastic
Q001044	Ur-Nanše 24a	rim:E1.9.1.24a	Early Dynastic
Q001045	Ur-Nanše 24b	rim:E1.9.1.24b	Early Dynastic
Q001046	Ur-Nanše 25	rim:E1.9.1.25	Early Dynastic
Q001047	Ur-Nanše 27	rim:E1.9.1.27	Early Dynastic
Q001048	Ur-Nanše 28	rim:E1.9.1.28	Early Dynastic
Q001049	Ur-Nanše 32	rim:E1.9.1.32	Early Dynastic
Q001050	Ur-Nanše 06b	rim:E1.9.1.6b	Early Dynastic
Q001051	Ur-Nanše 33	rim:E1.9.1.33	Early Dynastic
Q001053	A-kurgal 1	rim:E1.9.2.1	Early Dynastic
Q001054	A-kurgal 2a	rim:E1.9.2.2a	Early Dynastic
Q001055	A-kurgal 3	rim:E1.9.2.3	Early Dynastic
Q001056	E-anatum 01	rim:E1.9.3.1	Early Dynastic
Q001057	E-anatum 05	rim:E1.9.3.5	Early Dynastic
Q001058	E-anatum 06	rim:E1.9.3.6	Early Dynastic
Q001059	E-anatum 07a	rim:E1.9.3.7a	Early Dynastic
Q001060	E-anatum 02	rim:E1.9.3.2	Early Dynastic
Q001062	E-anatum 08	rim:E1.9.3.8	Early Dynastic
Q001063	E-anatum 09	rim:E1.9.3.9	Early Dynastic
Q001064	E-anatum 04	rim:E1.9.3.4	Early Dynastic
Q001065	E-anatum 13	rim:E1.9.3.13	Early Dynastic
Q001066	E-anatum 11	rim:E1.9.3.11	Early Dynastic
Q001067	E-anatum 03	rim:E1.9.3.3	Early Dynastic
Q001068	E-anatum 12	rim:E1.9.3.12	Early Dynastic
Q001069	E-anatum 17	rim:E1.9.3.17	Early Dynastic
Q001070	E-anatum 14	rim:E1.9.3.14	Early Dynastic
Q001071	E-anatum 10	rim:E1.9.3.10	Early Dynastic
Q001072	En-anatum I 01	rim:E1.9.4.1	Early Dynastic
Q001073	En-anatum I 03	rim:E1.9.4.3	Early Dynastic
Q001074	En-anatum I 08	rim:E1.9.4.8	Early Dynastic
Q001075	En-anatum I 14	rim:E1.9.4.14	Early Dynastic
Q001076	En-anatum I 06	rim:E1.9.4.6	Early Dynastic
Q001077	En-anatum I 07	rim:E1.9.4.7	Early Dynastic
Q001078	En-anatum I 04	rim:E1.9.4.4	Early Dynastic
Q001079	En-anatum I 19	rim:E1.9.4.19	Early Dynastic
Q001080	En-anatum I 10	rim:E1.9.4.10	Early Dynastic
Q001081	En-anatum I 12	rim:E1.9.4.12	Early Dynastic
Q001082	En-anatum I 11	rim:E1.9.4.11	Early Dynastic
Q001083	En-anatum I 15	rim:E1.9.4.15	Early Dynastic
Q001084	En-anatum I 17	rim:E1.9.4.17	Early Dynastic
Q001085	En-anatum I 02	rim:E1.9.4.2	Early Dynastic
Q001086	En-anatum I 18	rim:E1.9.4.18	Early Dynastic
Q001087	En-anatum I 20	rim:E1.9.4.20	Early Dynastic
Q001088	En-anatum I 09	rim:E1.9.4.9	Early Dynastic
Q001089	En-anatum I 16	rim:E1.9.4.16	Early Dynastic
Q001090	En-anatum I 05	rim:E1.9.4.5	Early Dynastic
Q001091	En-metena 17	rim:E1.9.5.17	Early Dynastic
Q001092	En-metena 03	rim:E1.9.5.3	Early Dynastic
Q001093	En-metena 12	rim:E1.9.5.12	Early Dynastic
Q001094	En-metena 27	rim:E1.9.5.27	Early Dynastic
Q001095	En-metena 09	rim:E1.9.5.9	Early Dynastic
Q001096	En-metena 10	rim:E1.9.5.10	Early Dynastic
Q001097	En-metena 14	rim:E1.9.5.14	Early Dynastic
Q001098	En-metena 16	rim:E1.9.5.16	Early Dynastic
Q001099	En-metena 21	rim:E1.9.5.21	Early Dynastic
Q001100	En-metena 22	rim:E1.9.5.22	Early Dynastic
Q001101	En-metena 23	rim:E1.9.5.23	Early Dynastic
Q001102	En-metena 20	rim:E1.9.5.20	Early Dynastic
Q001103	En-metena 01	rim:E1.9.5.1	Early Dynastic
Q001105	En-metena 18	rim:E1.9.5.18	Early Dynastic
Q001106	En-metena 25	rim:E1.9.5.25	Early Dynastic
Q001107	En-metena 07	rim:E1.9.5.7	Early Dynastic
Q001108	En-metena 26	rim:E1.9.5.26	Early Dynastic
Q001109	En-metena 11	rim:E1.9.5.11	Early Dynastic
Q001110	En-metena 02	rim:E1.9.5.2	Early Dynastic
Q001111	En-metena 15	rim:E1.9.5.15	Early Dynastic
Q001112	En-metena 08	rim:E1.9.5.8	Early Dynastic
Q001113	En-metena 19	rim:E1.9.5.19	Early Dynastic
Q001115	En-metena 05a	rim:E1.9.5.5a	Early Dynastic
Q001116	En-metena 28	rim:E1.9.5.28	Early Dynastic
Q001117	En-metena 04	rim:E1.9.5.4	Early Dynastic
Q001118	En-metena 06	rim:E1.9.5.6	Early Dynastic
Q001119	En-metena 24	rim:E1.9.5.24	Early Dynastic
Q001120	En-anatum II 1	rim:E1.9.6.1	Early Dynastic
Q001121	En-entarzi 1	rim:E1.9.7.1	Early Dynastic
Q001122	Lugal-Anda 2	rim:E1.9.8.2	Early Dynastic
Q001123	URU-KA-gina 02	rim:E1.9.9.2	Early Dynastic
Q001124	URU-KA-gina 01	rim:E1.9.9.1	Early Dynastic
Q001125	URU-KA-gina 03	rim:E1.9.9.3	Early Dynastic
Q001126	URU-KA-gina 08	rim:E1.9.9.8	Early Dynastic
Q001127	URU-KA-gina 10	rim:E1.9.9.10	Early Dynastic
Q001128	URU-KA-gina 06	rim:E1.9.9.6	Early Dynastic
Q001129	URU-KA-gina 07	rim:E1.9.9.7	Early Dynastic
Q001130	URU-KA-gina 09	rim:E1.9.9.9	Early Dynastic
Q001131	URU-KA-gina 11	rim:E1.9.9.11	Early Dynastic
Q001132	URU-KA-gina 04	rim:E1.9.9.4	Early Dynastic
Q001133	URU-KA-gina 05	rim:E1.9.9.5	Early Dynastic
Q001150	URU-KA-gina 14a	rim:E1.9.9.14a	Early Dynastic
Q001151	URU-KA-gina 14b	rim:E1.9.9.14b	Early Dynastic
Q001152	URU-KA-gina 14c	rim:E1.9.9.14c	Early Dynastic
Q001153	URU-KA-gina 14d	rim:E1.9.9.14d	Early Dynastic
Q001154	URU-KA-gina 14e	rim:E1.9.9.14e	Early Dynastic
Q001155	URU-KA-gina 14f	rim:E1.9.9.14f	Early Dynastic
Q001156	URU-KA-gina 14g	rim:E1.9.9.14g	Early Dynastic
Q001157	URU-KA-gina 14h	rim:E1.9.9.14h	Early Dynastic
Q001158	URU-KA-gina 14i	rim:E1.9.9.14i	Early Dynastic
Q001159	URU-KA-gina 14j	rim:E1.9.9.14j	Early Dynastic
Q001160	URU-KA-gina 14k	rim:E1.9.9.14k	Early Dynastic
Q001161	URU-KA-gina 14l	rim:E1.9.9.14l	Early Dynastic
Q001162	URU-KA-gina 14m	rim:E1.9.9.14m	Early Dynastic
Q001163	URU-KA-gina 14n	rim:E1.9.9.14n	Early Dynastic
Q001164	URU-KA-gina 14o	rim:E1.9.9.14o	Early Dynastic
Q001165	URU-KA-gina 14p	rim:E1.9.9.14p	Early Dynastic
Q001166	URU-KA-gina 14q	rim:E1.9.9.14q	Early Dynastic
Q001167	URU-KA-gina 14r	rim:E1.9.9.14r	Early Dynastic
Q001168	URU-KA-gina 14s	rim:E1.9.9.14s	Early Dynastic
Q001169	URU-KA-gina 14t	rim:E1.9.9.14t	Early Dynastic
Q001170	URU-KA-gina 14u	rim:E1.9.9.14u	Early Dynastic
Q001171	URU-KA-gina 14v	rim:E1.9.9.14v	Early Dynastic
Q001172	URU-KA-gina 14w	rim:E1.9.9.14w	Early Dynastic
Q001175	E-anatum 19	rim:E1.9.3.19	Early Dynastic
Q001182	E-anatum 16	rim:E1.9.3.16	Early Dynastic
Q001183	Aga-ak 1	rim:E1.5.1.1	Early Dynastic
Q001198	Me-ba-LAK551 1	rim:E1.1.2.1	Early Dynastic
Q001199	Bara-heNIdu 2001	rim:E1.1.3.2001	Early Dynastic
Q001201	E-IGI.NIM-pa'e 2	rim:E1.1.7.2	Early Dynastic
Q001202	E-IGI.NIM-pa'e 1	rim:E1.1.7.1	Early Dynastic
Q001203	Lugalda-lu 1	rim:E1.1.4.1	Early Dynastic
Q001204	LUM-ma 1	rim:E1.1.5.1	Early Dynastic
Q001205	LUM-ma 2	rim:E1.1.5.2	Early Dynastic
Q001214	Bara-heNIdu 1	rim:E1.1.3.1	Early Dynastic
Q001220	[RN], Offspring of &quot;Lady Dragon&quot; 1	rim:E1.7.40.1	Early Dynastic
Q001241	EN.ME-barage-si 1	rim:E1.7.22.1	Early Dynastic
Q001242	EN.ME-barage-si 2	rim:E1.7.22.2	Early Dynastic
Q001243	Utuk/Uhub 1	rim:E1.7.42.1	Early Dynastic
Q001244	Me-silim 1	rim:E1.8.1.1	Early Dynastic
Q001245	Me-silim 2	rim:E1.8.1.2	Early Dynastic
Q001246	Me-silim 3	rim:E1.8.1.3	Early Dynastic
Q001247	Enna-il 1	rim:E1.8.3.1	Early Dynastic
Q001248	Lugal-SILA-si 1	rim:E1.14.13.1	Early Dynastic
Q001249	LUGAL-UD 1	rim:E1.7.41.1	Early Dynastic
Q001250	Ur-zage 1	rim:E1.14.16.1	Early Dynastic
Q001251	Lugal-namnir-sum 1	rim:E1.8.2.1	Early Dynastic
Q001253	Abzu-kidu 1	rim:E1.11.3.1	Early Dynastic
Q001254	Abzu-kidu 2	rim:E1.11.3.2	Early Dynastic
Q001255	Nammah 1	rim:E1.11.1.1	Early Dynastic
Q001257	Ur-Enlil 1	rim:E1.11.2.1	Early Dynastic
Q001258	Ur-Enlil 2	rim:E1.11.2.2	Early Dynastic
Q001321	Pa-bilga … 1	rim:E1.12.1.1	Early Dynastic
Q001322	Aka 1	rim:E1.12.2.1	Early Dynastic
Q001323	Ur-LUM-ma 1	rim:E1.12.4.1	Early Dynastic
Q001324	Il 1	rim:E1.12.5.1	Early Dynastic
Q001325	Giša-kidu 1	rim:E1.12.6.1	Early Dynastic
Q001326	E-abzu 1	rim:E1.12.3.1	Early Dynastic
Q001328	Mes-KALAM-du (the prince) 1	rim:E1.13.7.1	Early Dynastic
Q001329	Mes-Ane-pada 1	rim:E1.13.5.1	Early Dynastic
Q001330	A-Ane-pada 1	rim:E1.13.6.1	Early Dynastic
Q001331	A-Ane-pada 3	rim:E1.13.6.3	Early Dynastic
Q001332	A-Ane-pada 4	rim:E1.13.6.4	Early Dynastic
Q001333	A-Ane-pada 5	rim:E1.13.6.5	Early Dynastic
Q001334	A-Ane-pada 6	rim:E1.13.6.6	Early Dynastic
Q001335	A-Ane-pada 2	rim:E1.13.6.2	Early Dynastic
Q001336	Mes-kiag-nun 1	rim:E1.13.8.1	Early Dynastic
Q001337	Elili 1	rim:E1.13.9.1	Early Dynastic
Q001348	Lugal-[...] 1	rim:E1.15.2.1	Early Dynastic
Q001350	An(u)bu 3	rim:E1.10.1.3	Early Dynastic
Q001351	An(u)bu 2	rim:E1.10.1.2	Early Dynastic
Q001362	En-šakuš-Ana 1	rim:E1.14.17.1	Early Dynastic
Q001363	En-šakuš-Ana 2	rim:E1.14.17.2	Early Dynastic
Q001365	En-šakuš-Ana 4	rim:E1.14.17.4	Early Dynastic
Q001366	En-šakuš-Ana 3	rim:E1.14.17.3	Early Dynastic
Q001367	Lugal-kigine-dudu 3a	rim:E1.14.14.3a	Early Dynastic
Q001368	Lugal-kigine-dudu 1	rim:E1.14.14.1	Early Dynastic
Q001369	Lugal-kigine-dudu 6	rim:E1.14.14.6	Early Dynastic
Q001370	Lugal-kigine-dudu 2	rim:E1.14.14.2	Early Dynastic
Q001372	Lugal-kigine-dudu 5	rim:E1.14.14.5	Early Dynastic
Q001373	Lugal-kigine-dudu 4	rim:E1.14.14.4	Early Dynastic
Q001374	Lugal-KISAL-si 1	rim:E1.14.15.1	Early Dynastic
Q001375	Lugal-KISAL-si 4	rim:E1.14.15.4	Early Dynastic
Q001376	Lugal-KISAL-si 3	rim:E1.14.15.3	Early Dynastic
Q001379	Lugal-zage-si 1	rim:E1.14.20.1	Early Dynastic
Q001380	Giša-kidu 2	rim:E1.12.6.2	Early Dynastic
Q001381	Lugal-zage-si 2	rim:E1.14.20.2	Early Dynastic
Q001382	Unnamed Rulers of Lagaš 2	rim:E1.9.10.2	Early Dynastic
Q001383	Anonymous Uruk 1		Early Dynastic
Q001388	Anonymous 06		Early Dynastic
Q001389	Anonymous 08		Early Dynastic
Q001395	Unattributed Sargonic YN	rim:E2.0.0.0	Old Akkadian
Q001396	Sargon YN	rim:E2.1.1.0	Old Akkadian
Q001397	Sargon 02	rim:E2.1.1.2	Old Akkadian
Q001398	Sargon 03	rim:E2.1.1.3	Old Akkadian
Q001399	Sargon 06	rim:E2.1.1.6	Old Akkadian
Q001400	Sargon 07	rim:E2.1.1.7	Old Akkadian
Q001401	Sargon 08	rim:E2.1.1.8	Old Akkadian
Q001402	Sargon 09	rim:E2.1.1.9	Old Akkadian
Q001403	Sargon 11 (Sumerian)	rim:E2.1.1.10	Old Akkadian
Q001404	Sargon 11 (Akkadian)	rim:E2.1.1.11	Old Akkadian
Q001405	Sargon 12	rim:E2.1.1.12	Old Akkadian
Q001406	Sargon 13	rim:E2.1.1.13	Old Akkadian
Q001407	Sargon 15	rim:E2.1.1.15	Old Akkadian
Q001408	Sargon 2001	rim:E2.1.1.2001	Old Akkadian
Q001409	Sargon 2003	rim:E2.1.1.2003	Old Akkadian
Q001410	Sargon 2004	rim:E2.1.1.2004	Old Akkadian
Q001411	Sargon 2005	rim:E2.1.1.2005	Old Akkadian
Q001412	Rimuš YN	rim:E2.1.2.0	Old Akkadian
Q001413	Rimuš 01	rim:E2.1.2.1	Old Akkadian
Q001414	Rimuš 02	rim:E2.1.2.2	Old Akkadian
Q001415	Rimuš 03	rim:E2.1.2.3	Old Akkadian
Q001416	Rimuš 04	rim:E2.1.2.4	Old Akkadian
Q001417	Rimuš 05	rim:E2.1.2.5	Old Akkadian
Q001418	Rimuš 06	rim:E2.1.2.6	Old Akkadian
Q001419	Rimuš 08	rim:E2.1.2.8	Old Akkadian
Q001420	Rimuš 09	rim:E2.1.2.9	Old Akkadian
Q001421	Rimuš 2001	rim:E2.1.2.2001	Old Akkadian
Q001422	Naram-Suen YN	rim:E2.1.4.0	Old Akkadian
Q001423	Naram-Suen 14	rim:E2.1.4.14	Old Akkadian
Q001424	Naram-Suen 34	rim:E2.1.4.34	Old Akkadian
Q001425	Naram-Suen 1004	rim:E2.1.4.1004	Old Akkadian
Q001426	Naram-Suen 2001	rim:E2.1.4.2001	Old Akkadian
Q001427	Naram-Suen 2018	rim:E2.1.4.2018	Old Akkadian
Q001428	Naram-Suen 2019	rim:E2.1.4.2019	Old Akkadian
Q001429	Naram-Suen 2020	rim:E2.1.4.2020	Old Akkadian
Q001430	Šar-kali-šarri YN	rim:E2.1.5.0	Old Akkadian
Q001431	Šar-kali-šarri 04 (Sumerian)	rim:E2.1.5.4	Old Akkadian
Q001432	Šar-kali-šarri 2014	rim:E2.1.5.2014	Old Akkadian
Q001433	Erridupizir 1	rim:E2.2.1.1	Old Akkadian
Q001434	Erridupizir 2	rim:E2.2.1.2	Old Akkadian
Q001435	Erridupizir 3	rim:E2.2.1.3	Old Akkadian
Q001436	Urunabadbi 2001	rim:E2.6.1.2001	Old Akkadian
Q001438	Nammah-abzu 2002	rim:E2.6.3.2002	Old Akkadian
Q001439	Lu-dingirana 2001	rim:E2.7.1.2001	Old Akkadian
Q001440	Šaratigubisin 2001	rim:E2.8.1.2001	Old Akkadian
Q001441	*Meskigal 2001	rim:E2.9.1.2001	Old Akkadian
Q001442	Lugal-giš 2003	rim:E2.9.2.2003	Old Akkadian
Q001443	UrTUR 1	rim:E2.9.3.1	Old Akkadian
Q001444	Hala-Adda 1	rim:E2.10.1.1	Old Akkadian
Q001445	Šuruškin	rim:E2.11.5.1	Old Akkadian
Q001446	Namahni 1	rim:E2.11.12.1	Old Akkadian
Q001447	Lugal-anatuma 1	rim:E2.11.13.1	Old Akkadian
Q001448	Puzurmama 2001	rim:E2.12.5.2001	Old Akkadian
Q001449	Urniginak 1	rim:E2.13.1.1	Old Akkadian
Q001450	Urgigirak 2001	rim:E2.13.2.2001	Old Akkadian
Q001451	Kuda 1	rim:E2.13.3.1	Old Akkadian
Q001452	Kuda 1001	rim:E2.13.3.1001	Old Akkadian
Q001453	Ur-Utu 2001	rim:E2.13.5.2001	Old Akkadian
Q001454	Utu-hegal 2	rim:E2.13.6.2	Old Akkadian
Q001455	Utu-hegal 5	rim:E2.13.6.5	Old Akkadian
Q001456	Utu-hegal 6	rim:E2.13.6.6	Old Akkadian
Q001457	Utu-hegal 2001	rim:E2.13.6.2001	Old Akkadian
Q001458	Utu-hegal 2002	rim:E2.13.6.2002	Old Akkadian
Q001459	Ur-Ningirsu I 1	rim:E3/1.1.1.1	Lagaš II
Q001460	Ur-Ningirsu I 2	rim:E3/1.1.1.2	Lagaš II
Q001461	Ur-Ningirsu I 3	rim:E3/1.1.1.3	Lagaš II
Q001462	Ur-Ningirsu I 4	rim:E3/1.1.1.4	Lagaš II
Q001463	Ur-Ningirsu I 5	rim:E3/1.1.1.5	Lagaš II
Q001464	Ur-Ningirsu I 6	rim:E3/1.1.1.6	Lagaš II
Q001465	Ur-Bau 02	rim:E3/1.1.6.2	Lagaš II
Q001466	Ur-Bau 05	rim:E3/1.1.6.5	Lagaš II
Q001467	Ur-Bau 06	rim:E3/1.1.6.6	Lagaš II
Q001468	Ur-Bau 07	rim:E3/1.1.6.7	Lagaš II
Q001469	Ur-Bau 08		Lagaš II
Q001470	Ur-Bau 09	rim:E3/1.1.6.9	Lagaš II
Q001471	Ur-Bau 10	rim:E3/1.1.6.10	Lagaš II
Q001472	Ur-Bau 11	rim:E3/1.1.6.11	Lagaš II
Q001473	Gudea 005	rim:E3/1.1.7.5	Lagaš II
Q001474	Gudea 007	rim:E3/1.1.7.7	Lagaš II
Q001475	Gudea 009	rim:E3/1.1.7.9	Lagaš II
Q001476	Gudea 010	rim:E3/1.1.7.10	Lagaš II
Q001477	Gudea 011a	rim:E3/1.1.7.11a	Lagaš II
Q001478	Gudea 012	rim:E3/1.1.7.12	Lagaš II
Q001479	Gudea 013	rim:E3/1.1.7.13	Lagaš II
Q001480	Gudea 014	rim:E3/1.1.7.14	Lagaš II
Q001481	Gudea 015	rim:E3/1.1.7.15	Lagaš II
Q001482	Gudea 022	rim:E3/1.1.7.22	Lagaš II
Q001483	Gudea 023	rim:E3/1.1.7.23	Lagaš II
Q001484	Gudea 027	rim:E3/1.1.7.27	Lagaš II
Q001485	Gudea 028	rim:E3/1.1.7.28	Lagaš II
Q001486	Gudea 030	rim:E3/1.1.7.30	Lagaš II
Q001487	Gudea 032	rim:E3/1.1.7.32	Lagaš II
Q001488	Gudea 036	rim:E3/1.1.7.36	Lagaš II
Q001489	Gudea 038	rim:E3/1.1.7.38	Lagaš II
Q001490	Gudea 045	rim:E3/1.1.7.45	Lagaš II
Q001491	Gudea 046	rim:E3/1.1.7.46	Lagaš II
Q001492	Gudea 047	rim:E3/1.1.7.47	Lagaš II
Q001493	Gudea 050	rim:E3/1.1.7.50	Lagaš II
Q001494	Gudea 052	rim:E3/1.1.7.52	Lagaš II
Q001495	Gudea 053	rim:E3/1.1.7.53	Lagaš II
Q001496	Gudea 055a	rim:E3/1.1.7.55	Lagaš II
Q001497	Gudea 056	rim:E3/1.1.7.56	Lagaš II
Q001498	Gudea 057	rim:E3/1.1.7.57	Lagaš II
Q001499	Gudea 058	rim:E3/1.1.7.58	Lagaš II
Q001500	Gudea 059	rim:E3/1.1.7.59	Lagaš II
Q001501	Gudea 060	rim:E3/1.1.7.60	Lagaš II
Q001502	Gudea 061	rim:E3/1.1.7.61	Lagaš II
Q001503	Gudea 065	rim:E3/1.1.7.65	Lagaš II
Q001504	Gudea 068	rim:E3/1.1.7.68	Lagaš II
Q001505	Gudea 069	rim:E3/1.1.7.69	Lagaš II
Q001506	Gudea 070	rim:E3/1.1.7.70	Lagaš II
Q001507	Gudea 071	rim:E3/1.1.7.71	Lagaš II
Q001508	Gudea 074	rim:E3/1.1.7.74	Lagaš II
Q001509	Gudea 075	rim:E3/1.1.7.75	Lagaš II
Q001510	Gudea 076	rim:E3/1.1.7.76	Lagaš II
Q001511	Gudea 077	rim:E3/1.1.7.77	Lagaš II
Q001512	Gudea 078	rim:E3/1.1.7.78	Lagaš II
Q001513	Gudea 079	rim:E3/1.1.7.79	Lagaš II
Q001514	Gudea 081	rim:E3/1.1.7.81	Lagaš II
Q001515	Gudea 082	rim:E3/1.1.7.82	Lagaš II
Q001516	Gudea 084	rim:E3/1.1.7.84	Lagaš II
Q001517	Gudea 085	rim:E3/1.1.7.85	Lagaš II
Q001518	Gudea 086	rim:E3/1.1.7.86	Lagaš II
Q001519	Gudea 087	rim:E3/1.1.7.87	Lagaš II
Q001520	Gudea 088	rim:E3/1.1.7.88	Lagaš II
Q001521	Gudea 089	rim:E3/1.1.7.89	Lagaš II
Q001522	Gudea 090	rim:E3/1.1.7.90	Lagaš II
Q001523	Gudea 091	rim:E3/1.1.7.91	Lagaš II
Q001524	Šulgi 99add (formerly Gudea 092)	rim:E3/1.1.7.92	Ur III
Q001525	Gudea 093	rim:E3/1.1.7.93	Lagaš II
Q001526	Gudea 094	rim:E3/1.1.7.94	Lagaš II
Q001527	Gudea 095	rim:E3/1.1.7.95	Lagaš II
Q001528	Gudea 096	rim:E3/1.1.7.96	Lagaš II
Q001529	Gudea 097	rim:E3/1.1.7.97	Lagaš II
Q001530	Gudea 098	rim:E3/1.1.7.98	Lagaš II
Q001531	Gudea 099	rim:E3/1.1.7.99	Lagaš II
Q001532	Gudea 100	rim:E3/1.1.7.100	Lagaš II
Q001533	Gudea Cylinder Fragment 01	rim:E3/1.1.7	Lagaš II
Q001534	Gudea Cylinder Fragment 06	rim:E3/1.1.7	Lagaš II
Q001535	Gudea Cylinder Fragment 07	rim:E3/1.1.7	Lagaš II
Q001536	Gudea Cylinder Fragment 08+03+05+04	rim:E3/1.1.7	Lagaš II
Q001537	Gudea Cylinder Fragment 09	rim:E3/1.1.7	Lagaš II
Q001538	Gudea Cylinder Fragment 10	rim:E3/1.1.7	Lagaš II
Q001539	Gudea Cylinder Fragment 11(+02) and 12	rim:E3/1.1.7	Lagaš II
Q001540	Gudea Statue A	rim:E3/1.1.7	Lagaš II
Q001541	Gudea Statue B	rim:E3/1.1.7	Lagaš II
Q001542	Gudea Statue C	rim:E3/1.1.7	Lagaš II
Q001543	Gudea Statue D	rim:E3/1.1.7	Lagaš II
Q001544	Gudea Statue E	rim:E3/1.1.7	Lagaš II
Q001545	Gudea Statue F	rim:E3/1.1.7	Lagaš II
Q001546	Gudea Statue G	rim:E3/1.1.7	Lagaš II
Q001547	Gudea Statue H	rim:E3/1.1.7	Lagaš II
Q001548	Gudea Statue I	rim:E3/1.1.7	Lagaš II
Q001549	Gudea Statue K	rim:E3/1.1.7	Lagaš II
Q001551	Gudea Statue M	rim:E3/1.1.7	Lagaš II
Q001552	Gudea Statue N	rim:E3/1.1.7	Lagaš II
Q001553	Gudea Statue O	rim:E3/1.1.7	Lagaš II
Q001554	Gudea Statue P	rim:E3/1.1.7	Lagaš II
Q001555	Gudea Statue Q	rim:E3/1.1.7	Lagaš II
Q001556	Gudea Statue R	rim:E3/1.1.7	Lagaš II
Q001557	Gudea Statue S	rim:E3/1.1.7	Lagaš II
Q001558	Gudea Statue T	rim:E3/1.1.7	Lagaš II
Q001559	Gudea Statue U	rim:E3/1.1.7	Lagaš II
Q001560	Gudea Statue V	rim:E3/1.1.7	Lagaš II
Q001561	Gudea Statue W	rim:E3/1.1.7	Lagaš II
Q001562	Gudea Statue X	rim:E3/1.1.7	Lagaš II
Q001563	Gudea Statue Y	rim:E3/1.1.7	Lagaš II
Q001564	Gudea Statue Z	rim:E3/1.1.7	Lagaš II
Q001565	Gudea Statue AA	rim:E3/1.1.7	Lagaš II
Q001566	Ur-Ningirsu II 01	rim:E3/1.1.8.1	Lagaš II
Q001567	Ur-Ningirsu II 04	rim:E3/1.1.8.4	Lagaš II
Q001568	Ur-Ningirsu II 05	rim:E3/1.1.8.5	Lagaš II
Q001569	Ur-Ningirsu II 06	rim:E3/1.1.8.6	Lagaš II
Q001570	Ur-Ningirsu II 07	rim:E3/1.1.8.7	Lagaš II
Q001571	Ur-Ningirsu II 08	rim:E3/1.1.8.8	Lagaš II
Q001572	Ur-Ningirsu II 09	rim:E3/1.1.8.9	Lagaš II
Q001573	Ur-Ningirsu II 10	rim:E3/1.1.8.10	Lagaš II
Q001574	Urgar 1	rim:E3/1.1.9.1	Lagaš II
Q001575	Urgar 2	rim:E3/1.1.9.2	Lagaš II
Q001576	Urgar 3	rim:E3/1.1.9.3	Lagaš II
Q001577	Urmama 1	rim:E3/1.1.11.1	Lagaš II
Q001578	Nammahni 01	rim:E3/1.1.12.1	Lagaš II
Q001579	Nammahni 04	rim:E3/1.1.12.4	Lagaš II
Q001580	Nammahni 05	rim:E3/1.1.12.5	Lagaš II
Q001581	Nammahni 06	rim:E3/1.1.12.6	Lagaš II
Q001582	Nammahni 08	rim:E3/1.1.12.8	Lagaš II
Q001583	Nammahni 09	rim:E3/1.1.12.9	Lagaš II
Q001584	Nammahni 10	rim:E3/1.1.12.10	Lagaš II
Q001585	Nammahni 12	rim:E3/1.1.12.12	Lagaš II
Q001586	Nammahni 13	rim:E3/1.1.12.13	Lagaš II
Q001587	Nammahni 14	rim:E3/1.1.12.14	Lagaš II
Q001588	Nammahni 15	rim:E3/1.1.12.15	Lagaš II
Q001589	Nammahni 16	rim:E3/1.1.12.16	Lagaš II
Q001590	Hala-Bau 1001	rim:E3/1.1.0.1001	Lagaš II
Q001591	Lagaš II Unidentified 1002	rim:E3/1.1.0.1002	Lagaš II
Q001592	Lagaš II Unidentified 1003	rim:E3/1.1.0.1003	Lagaš II
Q001593	Lagaš II Unidentified 1004	rim:E3/1.1.0.1004	Lagaš II
Q001594	Lagaš II Unidentified 1005	rim:E3/1.1.0.1005	Lagaš II
Q001595	Lagaš II Unidentified 1006	rim:E3/1.1.0.1006	Lagaš II
Q001596	Lagaš II Unidentified 1007	rim:E3/1.1.0.1007	Lagaš II
Q001597	Lagaš II Unidentified 1008	rim:E3/1.1.0.1008	Lagaš II
Q001598	Lagaš II Unidentified 1009	rim:E3/1.1.0.1009	Lagaš II
Q001599	Lagaš II Unidentified 1010	rim:E3/1.1.0.1010	Lagaš II
Q001600	Lagaš II Unidentified 1011	rim:E3/1.1.0.1011	Lagaš II
Q001601	Lagaš II Unidentified 1012	rim:E3/1.1.0.1012	Lagaš II
Q001602	Lagaš II Unidentified 1013	rim:E3/1.1.0.1013	Lagaš II
Q001603	Lagaš II Unidentified 1014	rim:E3/1.1.0.1014	Lagaš II
Q001604	Lagaš II Unidentified 1015	rim:E3/1.1.0.1015	Lagaš II
Q001605	Lagaš II Unidentified 1016	rim:E3/1.1.0.1016	Lagaš II
Q001606	Lagaš II Unidentified 1017	rim:E3/1.1.0.1017	Lagaš II
Q001607	Lagaš II Unidentified 1018	rim:E3/1.1.0.1018	Lagaš II
Q001608	Lagaš II Unidentified 1019	rim:E3/1.1.0.1019	Lagaš II
Q001609	Lagaš II Unidentified 1020	rim:E3/1.1.0.1020	Lagaš II
Q001610	Lagaš II Unidentified 1021	rim:E3/1.1.0.1021	Lagaš II
Q001611	Lagaš II Unidentified 1022	rim:E3/1.1.0.1022	Lagaš II
Q001612	Lagaš II Unidentified 1023	rim:E3/1.1.0.1023	Lagaš II
Q001613	Lagaš II Unidentified 1024	rim:E3/1.1.0.1024	Lagaš II
Q001614	Lagaš II Unidentified 1025	rim:E3/1.1.0.1025	Lagaš II
Q001615	Lagaš II Unidentified 1026	rim:E3/1.1.0.1026	Lagaš II
Q001616	Lagaš II Unidentified 1027	rim:E3/1.1.0.1027	Lagaš II
Q001617	Ur-Namma YN	rim:E3/2.1.1.0	Ur III
Q001618	Ur-Namma 01	rim:E3/2.1.1.1	Ur III
Q001619	Ur-Namma 03	rim:E3/2.1.1.3	Ur III
Q001620	Ur-Namma 06	rim:E3/2.1.1.6	Ur III
Q001621	Ur-Namma 07	rim:E3/2.1.1.7	Ur III
Q001622	Ur-Namma 08	rim:E3/2.1.1.8	Ur III
Q001623	Ur-Namma 09	rim:E3/2.1.1.9	Ur III
Q001624	Ur-Namma 18	rim:E3/2.1.1.18	Ur III
Q001625	Ur-Namma 21, ex. 1	rim:E3/2.1.1.21, ex. 1	Ur III
Q001626	Ur-Namma 21, ex. 2	rim:E3/2.1.1.21, ex. 2	Ur III
Q001627	Ur-Namma 22	rim:E3/2.1.1.22	Ur III
Q001628	Ur-Namma 23	rim:E3/2.1.1.23	Ur III
Q001629	Ur-Namma 27	rim:E3/2.1.1.27	Ur III
Q001630	Ur-Namma 29	rim:E3/2.1.1.29	Ur III
Q001632	Ur-Namma 31	rim:E3/2.1.1.31	Ur III
Q001633	Ur-Namma 32	rim:E3/2.1.1.32	Ur III
Q001634	Ur-Namma 36	rim:E3/2.1.1.36	Ur III
Q001635	Ur-Namma 38	rim:E3/2.1.1.38	Ur III
Q001636	Ur-Namma 41	rim:E3/2.1.1.41	Ur III
Q001637	Ur-Namma 42	rim:E3/2.1.1.42	Ur III
Q001638	Ur-Namma 43	rim:E3/2.1.1.43	Ur III
Q001639	Ur-Namma 44	rim:E3/2.1.1.44	Ur III
Q001640	Ur-Namma 45	rim:E3/2.1.1.45	Ur III
Q001641	Ur-Namma 46	rim:E3/2.1.1.46	Ur III
Q001642	Ur-Namma 47	rim:E3/2.1.1.47	Ur III
Q001643	Ur-Namma 48	rim:E3/2.1.1.48	Ur III
Q001644	Ur-Namma 49	rim:E3/2.1.1.49	Ur III
Q001645	Ur-Namma 50	rim:E3/2.1.1.50	Ur III
Q001646	Ur-Namma 51	rim:E3/2.1.1.51	Ur III
Q001647	Ur-Namma 52	rim:E3/2.1.1.52	Ur III
Q001648	Ur-Namma 53	rim:E3/2.1.1.53	Ur III
Q001649	Ur-Namma 2001	rim:E3/2.1.1.2001	Ur III
Q001650	Šulgi YN	rim:E3/2.1.2.0	Ur III
Q001651	Šulgi 01	rim:E3/2.1.2.1	Ur III
Q001652	Šulgi 02	rim:E3/2.1.2.2	Ur III
Q001653	Šulgi 05	rim:E3/2.1.2.5	Ur III
Q001654	Šulgi 07	rim:E3/2.1.2.7	Ur III
Q001655	Šulgi 08	rim:E3/2.1.2.8	Ur III
Q001656	Šulgi 14	rim:E3/2.1.2.14	Ur III
Q001657	Šulgi 15	rim:E3/2.1.2.15	Ur III
Q001658	Šulgi 17	rim:E3/2.1.2.17	Ur III
Q001660	Šulgi 19	rim:E3/2/1.2.19	Ur III
Q001662	Šulgi 24	rim:E3/2.1.2.24	Ur III
Q001668	Šulgi 34	rim:E3/2.1.2.34	Ur III
Q001670	Šulgi 36	rim:E3/2.1.2.36	Ur III
Q001671	Šulgi 37	rim:E3/2.1.2.37	Ur III
Q001672	Šulgi 38 (Sumerian and Akkadian)	rim:E3/2.1.2.38	Ur III
Q001673	Šulgi 40	rim:E3/2.1.2.40	Ur III
Q001674	Šulgi 41	rim:E3/2.1.2.41	Ur III
Q001675	Šulgi 43	rim:E3/2.1.2.43	Ur III
Q001676	Šulgi 44	rim:E3/2.1.2.44	Ur III
Q001678	Šulgi 46	rim:E3/2.1.2.46	Ur III
Q001679	Šulgi 47	rim:E3/2.1.2.47	Ur III
Q001680	Šulgi 48	rim:E3/2.1.2.48	Ur III
Q001681	Šulgi 49	rim:E3/2.1.2.49	Ur III
Q001682	Šulgi 50	rim:E3/2.1.2.50	Ur III
Q001683	Šulgi 51	rim:E3/2.1.2.51	Ur III
Q001684	Šulgi 52	rim:E3/2.1.2.52	Ur III
Q001685	Šulgi 53	rim:E3/2.1.2.53	Ur III
Q001686	Šulgi 54	rim:E3/2.1.2.54	Ur III
Q001687	Šulgi 55	rim:E3/2.1.2.55	Ur III
Q001688	Šulgi 56	rim:E3/2.1.2.56	Ur III
Q001689	Šulgi 57	rim:E3/2.1.2.57	Ur III
Q001690	Šulgi 58	rim:E3/2.1.2.58	Ur III
Q001691	Šulgi 59	rim:E3/2.1.2.59	Ur III
Q001692	Šulgi 60	rim:E3/2.1.2.60	Ur III
Q001693	Šulgi 61	rim:E3/2.1.2.61	Ur III
Q001694	Šulgi 62	rim:E3/2.1.2.62	Ur III
Q001695	Šulgi 63	rim:E3/2.1.2.63	Ur III
Q001696	Šulgi 64	rim:E3/2.1.2.64	Ur III
Q001698	Šulgi 66	rim:E3/2.1.2.66	Ur III
Q001699	Šulgi 67	rim:E3/2.1.2.67	Ur III
Q001700	Šulgi 68	rim:E3/2.1.2.68	Ur III
Q001701	Šulgi 69	rim:E3/2.1.2.69	Ur III
Q001702	Šulgi 70	rim:E3/2.1.2.70	Ur III
Q001703	Šulgi 71	rim:E3/2.1.2.71	Ur III
Q001704	Šulgi 72	rim:E3/2.1.2.72	Ur III
Q001705	Šulgi 73	rim:E3/2.1.2.73	Ur III
Q001706	Šulgi 74	rim:E3/2.1.2.74	Ur III
Q001707	Šulgi 75	rim:E3/2.1.2.75	Ur III
Q001708	Šulgi 76	rim:E3/2.1.2.76	Ur III
Q001709	Šulgi 77	rim:E3/2.1.2.77	Ur III
Q001710	Šulgi 78	rim:E3/2.1.2.78	Ur III
Q001711	Šulgi 79	rim:E3/2.1.2.79	Ur III
Q001712	Šulgi 80	rim:E3/2.1.2.80	Ur III
Q001713	Šulgi 81	rim:E3/2.1.2.81	Ur III
Q001714	Šulgi 82	rim:E3/2.1.2.82	Ur III
Q001715	Šulgi 83	rim:E3/2.1.2.83	Ur III
Q001716	Šulgi 84	rim:E3/2.1.2.84	Ur III
Q001717	Šulgi 85	rim:E3/2.1.2.85	Ur III
Q001718	Šulgi 86	rim:E3/2.1.2.86	Ur III
Q001719	Šulgi 87	rim:E3/2.1.2.87	Ur III
Q001720	Šulgi 88	rim:E3/2.1.2.88	Ur III
Q001721	Šulgi 90	rim:E3/2.1.2.90	Ur III
Q001722	Šulgi 91	rim:E3/2.1.2.91	Ur III
Q001723	Šulgi 92	rim:E3/2.1.2.92	Ur III
Q001724	Šulgi 93	rim:E3/2.1.2.93	Ur III
Q001725	Šulgi 94	rim:E3/2.1.2.94	Ur III
Q001726	Šulgi 95	rim:E3/2.1.2.95	Ur III
Q001727	Šulgi 96	rim:E3/2.1.2.96	Ur III
Q001728	Šulgi 97	rim:E3/2.1.2.97	Ur III
Q001729	Šulgi 2001	rim:E3/2.1.2.2001	Ur III
Q001730	Šulgi 2002	rim:E3/2.1.2.2002	Ur III
Q001731	Šulgi 2003	rim:E3/2.1.2.2003	Ur III
Q001732	Šulgi 2004	rim:E3/2.1.2.2004	Ur III
Q001733	Šulgi 2005	rim:E3/2.1.2.2005	Ur III
Q001734	Šulgi 2006	rim:E3/2.1.2.2006	Ur III
Q001735	Šulgi 2007	rim:E3/2.1.2.2007	Ur III
Q001736	Šulgi 2008	rim:E3/2.1.2.2008	Ur III
Q001737	Šulgi 2009	rim:E3/2.1.2.2009	Ur III
Q001738	Šulgi 2010	rim:E3/2.1.2.2010	Ur III
Q001739	Šulgi 2011	rim:E3/2.1.2.2011	Ur III
Q001740	Šulgi 2012	rim:E3/2.1.2.2012	Ur III
Q001741	Šulgi 2013	rim:E3/2.1.2.2013	Ur III
Q001742	Šulgi 2014	rim:E3/2.1.2.2014	Ur III
Q001743	Šulgi 2015	rim:E3/2.1.2.2015	Ur III
Q001744	Šulgi 2016	rim:E3/2.1.2.2016	Ur III
Q001745	Šulgi 2017	rim:E3/2.1.2.2017	Ur III
Q001746	Šulgi 2018	rim:E3/2.1.2.2018	Ur III
Q001747	Šulgi 2019	rim:E3/2.1.2.2019	Ur III
Q001748	Šulgi 2020	rim:E3/2.1.2.2020	Ur III
Q001749	Šulgi 2021	rim:E3/2.1.2.2021	Ur III
Q001750	Šulgi 2022	rim:E3/2.1.2.2022	Ur III
Q001751	Šulgi 2023	rim:E3/2.1.2.2023	Ur III
Q001752	Šulgi 2024	rim:E3/2.1.2.2024	Ur III
Q001753	Šulgi 2025	rim:E3/2.1.2.2025	Ur III
Q001754	Šulgi 2026	rim:E3/2.1.2.2026	Ur III
Q001755	Šulgi 2027	rim:E3/2.1.2.2027	Ur III
Q001756	Šulgi 2028	rim:E3/2.1.2.2028	Ur III
Q001757	Šulgi 2029	rim:E3/2.1.2.2029	Ur III
Q001758	Šulgi 2030	rim:E3/2.1.2.2030	Ur III
Q001759	Šulgi 2031	rim:E3/2.1.2.2031	Ur III
Q001760	Šulgi 2032	rim:E3/2.1.2.2032	Ur III
Q001761	Šulgi 2033	rim:E3/2.1.2.2033	Ur III
Q001762	Šulgi 2034	rim:E3/2.1.2.2034	Ur III
Q001763	Šulgi 2035	rim:E3/2.1.2.2035	Ur III
Q001764	Šulgi 2036	rim:E3/2.1.2.2036	Ur III
Q001765	Šulgi 2037	rim:E3/2.1.2.2037	Ur III
Q001766	Šulgi 2038	rim:E3/2.1.2.2038	Ur III
Q001767	Šulgi 2039	rim:E3/2.1.2.2039	Ur III
Q001768	Šulgi 2040	rim:E3/2.1.2.2040	Ur III
Q001769	Šulgi 2041	rim:E3/2.1.2.2041	Ur III
Q001770	Šulgi 2042	rim:E3/2.1.2.2042	Ur III
Q001771	Šulgi 2043	rim:E3/2.1.2.2043	Ur III
Q001772	Šulgi 2044	rim:E3/2.1.2.2044	Ur III
Q001773	Šulgi 2045	rim:E3/2.1.2.2045	Ur III
Q001774	Šulgi 2046	rim:E3/2.1.2.2046	Ur III
Q001775	Šulgi 2047	rim:E3/2.1.2.2047	Ur III
Q001777	Šulgi 2049	rim:E3/2.1.2.2049	Ur III
Q001778	Šulgi 2050	rim:E3/2.1.2.2050	Ur III
Q001779	Šulgi 2051	rim:E3/2.1.2.2051	Ur III
Q001780	Šulgi 2052	rim:E3/2.1.2.2052	Ur III
Q001781	Šulgi 2053	rim:E3/2.1.2.2053	Ur III
Q001782	Šulgi 2054	rim:E3/2.1.2.2054	Ur III
Q001783	Šulgi 2055	rim:E3/2.1.2.2055	Ur III
Q001784	Šulgi 2056	rim:E3/2.1.2.2056	Ur III
Q001785	Šulgi 2057	rim:E3/2.1.2.2057	Ur III
Q001786	Šulgi 2058	rim:E3/2.1.2.2058	Ur III
Q001787	Šulgi 2059	rim:E3/2.1.2.2059	Ur III
Q001788	Amar-Suen YN	rim:E3/2.1.3.0	Ur III
Q001789	Amar-Suen 02	rim:E3/2.1.3.2	Ur III
Q001790	Amar-Suen 03	rim:E3/2.1.3.3	Ur III
Q001791	Amar-Suen 05	rim:E3/2.1.3.5	Ur III
Q001792	Amar-Suen 06	rim:E3/2.1.3.6	Ur III
Q001793	Amar-Suen 07	rim:E3/2.1.3.7	Ur III
Q001794	Amar-Suen 11	rim:E3/2.1.3.11	Ur III
Q001795	Amar-Suen 12	rim:E3/2.1.3.12	Ur III
Q001796	Amar-Suen 18	rim:E3/2.1.3.18	Ur III
Q001797	Amar-Suen 19	rim:E3/2.1.3.19	Ur III
Q001798	Amar-Suen 20	rim:E3/2.1.3.20	Ur III
Q001799	Amar-Suen 21	rim:E3/2.1.3.21	Ur III
Q001800	Amar-Suen 22	rim:E3/2.1.3.22	Ur III
Q001802	Amar-Suen 2002	rim:E3/2.1.3.2002	Ur III
Q001803	Amar-Suen 2003	rim:E3/2.1.3.2003	Ur III
Q001804	Amar-Suen 2004	rim:E3/2.1.3.2004	Ur III
Q001805	Amar-Suen 2005	rim:E3/2.1.3.2005	Ur III
Q001806	Amar-Suen 2006	rim:E3/2.1.3.2006	Ur III
Q001807	Amar-Suen 2007	rim:E3/2.1.3.2007	Ur III
Q001808	Amar-Suen 2008	rim:E3/2.1.3.2008	Ur III
Q001809	Amar-Suen 2009	rim:E3/2.1.3.2009	Ur III
Q001810	Šu-Suen YN	rim:E3/2.1.4.0	Ur III
Q001811	Šu-Suen 02	rim:E3/2.1.4.2	Ur III
Q001812	Šu-Suen 04	rim:E3/2.1.4.4	Ur III
Q001813	Šu-Suen 06	rim:E3/2.1.4.6	Ur III
Q001814	Šu-Suen 08	rim:E3/2.1.4.8	Ur III
Q001815	Šu-Suen 09	rim:E3/2.1.4.9	Ur III
Q001816	Šu-Suen 11	rim:E3/2.1.4.11	Ur III
Q001817	Šu-Suen 14	rim:E3/2.1.4.14	Ur III
Q001818	Šu-Suen 18	rim:E3/2.1.4.18	Ur III
Q001819	Šu-Suen 22	rim:E3/2.1.4.22	Ur III
Q001820	Šu-Suen 23	rim:E3/2.1.4.23	Ur III
Q001821	Šu-Suen 24	rim:E3/2.1.4.24	Ur III
Q001822	Šu-Suen 25	rim:E3/2.1.4.25	Ur III
Q001823	Šu-Suen 26	rim:E3/2.1.4.26	Ur III
Q001824	Šu-Suen 27	rim:E3/2.1.4.27	Ur III
Q001825	Šu-Suen 28	rim:E3/2.1.4.28	Ur III
Q001826	Šu-Suen 29	rim:E3/2.1.4.29	Ur III
Q001827	Šu-Suen 30	rim:E3/2.1.4.30	Ur III
Q001828	Šu-Suen 31	rim:E3/2.1.4.31	Ur III
Q001829	Šu-Suen 32	rim:E3/2.1.4.32	Ur III
Q001830	Šu-Suen 33	rim:E3/2.1.4.32	Ur III
Q001831	Šu-Suen 2001	rim:E3/2.1.4.2001	Ur III
Q001832	Šu-Suen 2002	rim:E3/2.1.4.2002	Ur III
Q001833	Šu-Suen 2004	rim:E3/2.1.4.2004	Ur III
Q001834	Šu-Suen 2005	rim:E3/2.1.4.2005	Ur III
Q001835	Šu-Suen 2006	rim:E3/2.1.4.2006	Ur III
Q001836	Šu-Suen 2007	rim:E3/2.1.4.2007	Ur III
Q001837	Šu-Suen 2008	rim:E3/2.1.4.2008	Ur III
Q001838	Šu-Suen 2009	rim:E3/2.1.4.2009	Ur III
Q001839	Šu-Suen 2010	rim:E3/2.1.4.2010	Ur III
Q001840	Šu-Suen 2011	rim:E3/2.1.4.2011	Ur III
Q001841	Šu-Suen 2012	rim:E3/2.1.4.2012	Ur III
Q001842	Šu-Suen 2013	rim:E3/2.1.4.2013	Ur III
Q001843	Šu-Suen 2014	rim:E3/2.1.4.2014	Ur III
Q001844	Šu-Suen 2015	rim:E3/2.1.4.2015	Ur III
Q001845	Šu-Suen 2016	rim:E3/2.1.4.2016	Ur III
Q001846	Šu-Suen 2017	rim:E3/2.1.4.2017	Ur III
Q001847	Šu-Suen 2018	rim:E3/2.1.4.2018	Ur III
Q001848	Ibbi-Suen YN	rim:E3/2.1.5.0	Ur III
Q001849	Ibbi-Suen 02	rim:E3/2.1.5.2	Ur III
Q001850	Ibbi-Suen 03	rim:E3/2.1.5.3	Ur III
Q001851	Ibbi-Suen 04	rim:E3/2.1.5.4	Ur III
Q001852	Ibbi-Suen 05	rim:E3/2.1.5.5	Ur III
Q001853	Ibbi-Suen 06	rim:E3/2.1.5.6	Ur III
Q001854	Ibbi-Suen 07	rim:E3/2.1.5.7	Ur III
Q001855	Ibbi-Suen 08	rim:E3/2.1.5.8	Ur III
Q001856	Ibbi-Suen 2001	rim:E3/2.1.5.2001	Ur III
Q001857	Ibbi-Suen 2002	rim:E3/2.1.5.2002	Ur III
Q001858	Ibbi-Suen 2003	rim:E3/2.1.5.2003	Ur III
Q001859	Ibbi-Suen 2004	rim:E3/2.1.5.2004	Ur III
Q001860	Ibbi-Suen 2005	rim:E3/2.1.5.2005	Ur III
Q001861	Ibbi-Suen 2007	rim:E3/2.1.5.2007	Ur III
Q001862	Ibbi-Suen 2008	rim:E3/2.1.5.2008	Ur III
Q001863	Ibbi-Suen 2009	rim:E3/2.1.5.2009	Ur III
Q001864	Ibbi-Suen 2010	rim:E3/2.1.5.2010	Ur III
Q001865	Ibbi-Suen 2011	rim:E3/2.1.5.2011	Ur III
Q001866	Ibbi-Suen 2012	rim:E3/2.1.5.2012	Ur III
Q001867	Ibbi-Suen 2013	rim:E3/2.1.5.2013	Ur III
Q001868	Sin-abušu seal		Ur III
Q001869	Ibbi-Suen 2014	rim:E3/2.1.5.2014	Ur III
Q001870	Ibbi-Suen 2015	rim:E3/2.1.5.2015	Ur III
Q001871	Ibbi-Suen 2016	rim:E3/2.1.5.2016	Ur III
Q001872	Unattributed Ur III 1001	rim:E3/2.1.6.1001	Ur III
Q001873	Unattributed Ur III 1002	rim:E3/2.1.6.1002	Ur III
Q001874	Unattributed Ur III 1003	rim:E3/2.1.6.1003	Ur III
Q001875	Unattributed Ur III 1004	rim:E3/2.1.6.1004	Ur III
Q001876	Unattributed Ur III 1005	rim:E3/2.1.6.1005	Ur III
Q001877	Unattributed Ur III 1006	rim:E3/2.1.6.1006	Ur III
Q001878	Unattributed Ur III 1008	rim:E3/2.1.6.1008	Ur III
Q001879	Unattributed Ur III 1009	rim:E3/2.1.6.1009	Ur III
Q001880	Unattributed Ur III 1010	rim:E3/2.1.6.1010	Ur III
Q001881	Unattributed Ur III 1011	rim:E3/2.1.6.1011	Ur III
Q001882	Unattributed Ur III 1012	rim:E3/2.1.6.1012	Ur III
Q001883	Unattributed Ur III 1013	rim:E3/2.1.6.1013	Ur III
Q001884	Unattributed Ur III 1014	rim:E3/2.1.6.1014	Ur III
Q001885	Unattributed Ur III 1015	rim:E3/2.1.6.1015	Ur III
Q001886	Unattributed Ur III 1016	rim:E3/2.1.6.1016	Ur III
Q001887	Unattributed Ur III 1017	rim:E3/2.1.6.1017	Ur III
Q001888	Unattributed Ur III 1018	rim:E3/2.1.6.1018	Ur III
Q001893	Unattributed Ur III 1023	rim:E3/2.1.6.1023	Ur III
Q001894	Unattributed Ur III 1024	rim:E3/2.1.6.1024	Ur III
Q001895	Unattributed Ur III 1025	rim:E3/2.1.6.1025	Ur III
Q001896	Unattributed Ur III 1026	rim:E3/2.1.6.1026	Ur III
Q001897	Unattributed Ur III 1028	rim:E3/2.1.6.1028	Ur III
Q001898	Unattributed Ur III 1029	rim:E3/2.1.6.1029	Ur III
Q001899	Unattributed Ur III 1030	rim:E3/2.1.6.1030	Ur III
Q001900	Unattributed Ur III 1031	rim:E3/2.1.6.1031	Ur III
Q001901	Unattributed Ur III 1032	rim:E3/2.1.6.1032	Ur III
Q001902	Unattributed Ur III 1033	rim:E3/2.1.6.1033	Ur III
Q001903	Unattributed Ur III 1034	rim:E3/2.1.6.1034	Ur III
Q001904	Unattributed Ur III 1035	rim:E3/2.1.6.1035	Ur III
Q001905	Unattributed Ur III 1036	rim:E3/2.1.6.1036	Ur III
Q001906	Unattributed Ur III 1037	rim:E3/2.1.6.1037	Ur III
Q001907	Unattributed Ur III 1038	rim:E3/2.1.6.1038	Ur III
Q001908	Unattributed Ur III 1039	rim:E3/2.1.6.1039	Ur III
Q001909	Unattributed Ur III 1040	rim:E3/2.1.6.1040	Ur III
Q001910	Unattributed Ur III 1041	rim:E3/2.1.6.1041	Ur III
Q001911	Unattributed Ur III 1042	rim:E3/2.1.6.1042	Ur III
Q001912	Unattributed Ur III 1043	rim:E3/2.1.6.1043	Ur III
Q001913	Unattributed Ur III 1044	rim:E3/2.1.6.1044	Ur III
Q001914	Unattributed Ur III 1045	rim:E3/2.1.6.1045	Ur III
Q001915	Unattributed Ur III 1046	rim:E3/2.1.6.1046	Ur III
Q001916	Ur-Ningirsu 1	rim:E3/2.2.1.1	Ur III
Q001917	Ur-Nanše 1	rim:E3/2.2.2.1	Ur III
Q001918	Unattributed Girsu 1	rim:E3/2.2.3.1001	Ur III
Q001919	Šu-iliya YN	rim:E3/2.3.1.0	Ur III
Q001920	Išbi-Erra 1	rim:E4.1.1.1	Old Babylonian
Q001921	Išbi-Erra 2001	rim:E4.1.1.2001	Old Babylonian
Q001922	Išbi-Erra 2002	rim:E4.1.1.2002	Old Babylonian
Q001923	Išbi-Erra 2003	rim:E4.1.1.2003	Old Babylonian
Q001924	Išbi-Erra 2004	rim:E4.1.1.2004	Old Babylonian
Q001925	Išbi-Erra 2005	rim:E4.1.1.2005	Old Babylonian
Q001926	Išbi-Erra 2006	rim:E4.1.1.2006	Old Babylonian
Q001927	Išbi-Erra 2007	rim:E4.1.1.2007	Old Babylonian
Q001928	Išbi-Erra 2008	rim:E4.1.1.2008	Old Babylonian
Q001929	Išbi-Erra 2009	rim:E4.1.1.2009	Old Babylonian
Q001930	Išbi-Erra 2010	rim:E4.1.1.2010	Old Babylonian
Q001931	Išbi-Erra 2011	rim:E4.1.1.2011	Old Babylonian
Q001932	Išbi-Erra 2012	rim:E4.1.1.2012	Old Babylonian
Q001933	Išbi-Erra 2013	rim:E4.1.1.2013	Old Babylonian
Q001934	Šu-ilišu 1	rim:E4.1.2.1	Old Babylonian
Q001935	Šu-ilišu 2	rim:E4.1.2.2	Old Babylonian
Q001936	Šu-ilišu 3	rim:E4.1.2.3	Old Babylonian
Q001937	Šu-ilišu 4	rim:E4.1.2.4	Old Babylonian
Q001938	Šu-ilišu 2001	rim:E4.1.2.2001	Old Babylonian
Q001939	Šu-ilišu 2002	rim:E4.1.2.2002	Old Babylonian
Q001940	Šu-ilišu 2003	rim:E4.1.2.2003	Old Babylonian
Q001941	Iddin-Dagan 1	rim:E4.1.3.1	Old Babylonian
Q001942	Iddin-Dagan 2	rim:E4.1.3.2	Old Babylonian
Q001943	Iddin-Dagan 3	rim:E4.1.3.3	Old Babylonian
Q001944	Iddin-Dagan 2001	rim:E4.1.3.2001	Old Babylonian
Q001945	Išme-Dagan 01	rim:E4.1.4.1	Old Babylonian
Q001946	Išme-Dagan 02	rim:E4.1.4.2	Old Babylonian
Q001947	Išme-Dagan 03	rim:E4.1.4.3	Old Babylonian
Q001948	Išme-Dagan 04	rim:E4.1.4.4	Old Babylonian
Q001949	Išme-Dagan 05	rim:E4.1.4.5	Old Babylonian
Q001950	Išme-Dagan 06	rim:E4.1.4.6	Old Babylonian
Q001951	Išme-Dagan 07	rim:E4.1.4.7	Old Babylonian
Q001952	Išme-Dagan 10	rim:E4.1.4.10	Old Babylonian
Q001953	Išme-Dagan 11	rim:E4.1.4.11	Old Babylonian
Q001954	Išme-Dagan 12	rim:E4.1.4.12	Old Babylonian
Q001955	Išme-Dagan 13	rim:E4.1.4.13	Old Babylonian
Q001956	Išme-Dagan 14	rim:E4.1.4.14	Old Babylonian
Q001957	Išme-Dagan 15	rim:E4.1.4.15	Old Babylonian
Q001958	Išme-Dagan 2001	rim:E4.1.4.2001	Old Babylonian
Q001959	Lipit-Eštar 01	rim:E4.1.5.1	Old Babylonian
Q001960	Lipit-Eštar 02	rim:E4.1.5.2	Old Babylonian
Q001961	Lipit-Eštar 04	rim:E4.1.5.4	Old Babylonian
Q001962	Lipit-Eštar 05	rim:E4.1.5.5	Old Babylonian
Q001963	Lipit-Eštar 06	rim:E4.1.5.6	Old Babylonian
Q001964	Lipit-Eštar 07	rim:E4.1.5.7	Old Babylonian
Q001965	Lipit-Eštar 08	rim:E4.1.5.8	Old Babylonian
Q001967	Lipit-Eštar 2001	rim:E4.1.5.2001	Old Babylonian
Q001968	Lipit-Eštar 2002	rim:E4.1.5.2002	Old Babylonian
Q001969	Lipit-Eštar 2003	rim:E4.1.5.2003	Old Babylonian
Q001970	Lipit-Eštar 2004	rim:E4.1.5.2004	Old Babylonian
Q001971	Ur-Ninurta 1	rim:E4.1.6.1	Old Babylonian
Q001972	Ur-Ninurta 2	rim:E4.1.6.2	Old Babylonian
Q001973	Bur-Sin 1	rim:E4.1.7.1	Old Babylonian
Q001974	Bur-Sin 2	rim:E4.1.7.2	Old Babylonian
Q001975	Bur-Sin 3	rim:E4.1.7.3	Old Babylonian
Q001976	Bur-Sin 2001	rim:E4.1.7.2001	Old Babylonian
Q001977	Bur-Sin 2002	rim:E4.1.7.2002	Old Babylonian
Q001978	Bur-Sin 2003	rim:E4.1.7.2003	Old Babylonian
Q001979	Bur-Sin 2004	rim:E4.1.7.2004	Old Babylonian
Q001980	Bur-Sin 2005	rim:E4.1.7.2005	Old Babylonian
Q001981	Bur-Sin 2006	rim:E4.1.7.2006	Old Babylonian
Q001982	Erra-imitti 2001	rim:E4.1.9.2001	Old Babylonian
Q001983	Enlil-bani 01	rim:E4.1.10.1	Old Babylonian
Q001984	Enlil-bani 02	rim:E4.1.10.2	Old Babylonian
Q001985	Enlil-bani 03	rim:E4.1.10.3	Old Babylonian
Q001986	Enlil-bani 04	rim:E4.1.10.4	Old Babylonian
Q001987	Enlil-bani 05	rim:E4.1.10.5	Old Babylonian
Q001988	Enlil-bani 06	rim:E4.1.10.6	Old Babylonian
Q001989	Enlil-bani 07	rim:E4.1.10.7	Old Babylonian
Q001990	Enlil-bani 08	rim:E4.1.10.8	Old Babylonian
Q001991	Enlil-bani 09	rim:E4.1.10.9	Old Babylonian
Q001992	Enlil-bani 10	rim:E4.1.10.10	Old Babylonian
Q001993	Enlil-bani 11	rim:E4.1.10.11	Old Babylonian
Q001994	Enlil-bani 1001	rim:E4.1.10.1001	Old Babylonian
Q001995	Zambiya 1	rim:E4.1.11.1	Old Babylonian
Q001996	Urdukuga 1	rim:E4.1.13.1	Old Babylonian
Q001997	Urdukuga 2	rim:E4.1.13.2	Old Babylonian
Q001998	Urdukuga 3	rim:E4.1.13.3	Old Babylonian
Q001999	Sin-magir 1	rim:E4.1.14.1	Old Babylonian
Q002000	Sin-magir 2	rim:E4.1.14.2	Old Babylonian
Q002001	Sin-magir 3	rim:E4.1.14.3	Old Babylonian
Q002002	Sin-magir 2001	rim:E4.1.14.2001	Old Babylonian
Q002003	Sin-magir 2002	rim:E4.1.14.2002	Old Babylonian
Q002004	Sin-magir 2003	rim:E4.1.14.2003	Old Babylonian
Q002005	Damiq-ilišu 1	rim:E4.1.15.1	Old Babylonian
Q002006	Damiq-ilišu 2	rim:E4.1.15.2	Old Babylonian
Q002007	Damiq-ilišu 3	rim:E4.1.15.3	Old Babylonian
Q002008	Damiq-ilišu 4	rim:E4.1.15.4	Old Babylonian
Q002009	Damiq-ilišu 2001	rim:E4.1.15.2001	Old Babylonian
Q002013	Gungunum 0	rim:E4.2.5.0	Old Babylonian
Q002014	Gungunum 1	rim:E4.2.5.1	Old Babylonian
Q002015	Gungunum 2	rim:E4.2.5.2	Old Babylonian
Q002016	Gungunum 3	rim:E4.2.5.3	Old Babylonian
Q002017	Gungunum 4	rim:E4.2.5.4	Old Babylonian
Q002018	Gungunum 2001	rim:E4.2.5.2001	Old Babylonian
Q002019	Gungunum 2002	rim:E4.2.5.2002	Old Babylonian
Q002020	Gungunum 2003	rim:E4.2.5.2003	Old Babylonian
Q002021	Abisare 0	rim:E4.2.6.0	Old Babylonian
Q002022	Abisare 1	rim:E4.2.6.1	Old Babylonian
Q002023	Abisare 2	rim:E4.2.6.2	Old Babylonian
Q002024	Abisare 2001	rim:E4.2.6.2001	Old Babylonian
Q002025	Abisare 2002	rim:E4.2.6.2002	Old Babylonian
Q002026	Abisare 2003	rim:E4.2.6.2003	Old Babylonian
Q002027	Abisare 2004	rim:E4.2.6.2004	Old Babylonian
Q002028	Abisare 2005	rim:E4.2.6.2005	Old Babylonian
Q002029	Abisare 2006	rim:E4.2.6.2006	Old Babylonian
Q002030	Abisare 2007	rim:E4.2.6.2007	Old Babylonian
Q002031	Sumu-el 0	rim:E4.2.7.0	Old Babylonian
Q002032	Sumu-el 1	rim:E4.2.7.1	Old Babylonian
Q002033	Sumu-el 2	rim:E4.2.7.2	Old Babylonian
Q002034	Sumu-el 2001	rim:E4.2.7.2001	Old Babylonian
Q002035	Sumu-el 2002	rim:E4.2.7.2002	Old Babylonian
Q002036	Sumu-el 2003	rim:E4.2.7.2003	Old Babylonian
Q002037	Sumu-el 2004	rim:E4.2.7.2004	Old Babylonian
Q002038	Sumu-el 2005	rim:E4.2.7.2005	Old Babylonian
Q002039	Sumu-el 2006	rim:E4.2.7.2006	Old Babylonian
Q002040	Sumu-el 2007	rim:E4.2.7.2007	Old Babylonian
Q002041	Nur-Adad 0	rim:E4.2.8.0	Old Babylonian
Q002042	Nur-Adad 1	rim:E4.2.8.1	Old Babylonian
Q002043	Nur-Adad 2	rim:E4.2.8.2	Old Babylonian
Q002044	Nur-Adad 3	rim:E4.2.8.3	Old Babylonian
Q002045	Nur-Adad 4	rim:E4.2.8.4	Old Babylonian
Q002046	Nur-Adad 5	rim:E4.2.8.5	Old Babylonian
Q002047	Nur-Adad 6	rim:E4.2.8.6	Old Babylonian
Q002048	Nur-Adad 7	rim:E4.2.8.7	Old Babylonian
Q002049	Nur-Adad 2001	rim:E4.2.8.2001	Old Babylonian
Q002050	Nur-Adad 2002	rim:E4.2.8.2002	Old Babylonian
Q002051	Nur-Adad 2003	rim:E4.2.8.2003	Old Babylonian
Q002052	Nur-Adad 2004	rim:E4.2.8.2004	Old Babylonian
Q002053	Nur-Adad 2005	rim:E4.2.8.2005	Old Babylonian
Q002054	Nur-Adad 2006	rim:E4.2.8.2006	Old Babylonian
Q002055	Nur-Adad 2007	rim:E4.2.8.2007	Old Babylonian
Q002056	Nur-Adad 2008	rim:E4.2.8.2008	Old Babylonian
Q002057	Nur-Adad 2009	rim:E4.2.8.2009	Old Babylonian
Q002058	Nur-Adad 2010	rim:E4.2.8.2010	Old Babylonian
Q002059	Nur-Adad 2011	rim:E4.2.8.2011	Old Babylonian
Q002060	Nur-Adad 2012	rim:E4.2.8.2012	Old Babylonian
Q002061	Nur-Adad 2013	rim:E4.2.8.2013	Old Babylonian
Q002062	Sin-iddinam 00	rim:E4.2.9.0	Old Babylonian
Q002063	Sin-iddinam 01	rim:E4.2.9.1	Old Babylonian
Q002064	Sin-iddinam 02	rim:E4.2.9.2	Old Babylonian
Q002065	Sin-iddinam 03	rim:E4.2.9.3	Old Babylonian
Q002066	Sin-iddinam 04	rim:E4.2.9.4	Old Babylonian
Q002067	Sin-iddinam 05	rim:E4.2.9.5	Old Babylonian
Q002068	Sin-iddinam 06	rim:E4.2.9.6	Old Babylonian
Q002070	Sin-iddinam 08	rim:E4.2.9.8	Old Babylonian
Q002071	Sin-iddinam 09	rim:E4.2.9.9	Old Babylonian
Q002072	Sin-iddinam 10	rim:E4.2.9.10	Old Babylonian
Q002073	Sin-iddinam 11	rim:E4.2.9.11	Old Babylonian
Q002074	Sin-iddinam 12	rim:E4.2.9.12	Old Babylonian
Q002075	Sin-iddinam 13	rim:E4.2.9.13	Old Babylonian
Q002076	Sin-iddinam 14	rim:E4.2.9.14	Old Babylonian
Q002077	Sin-iddinam 15	rim:E4.2.9.15	Old Babylonian
Q002078	Sin-iddinam 2001	rim:E4.2.9.2001	Old Babylonian
Q002079	Sin-iddinam 2002	rim:E4.2.9.2002	Old Babylonian
Q002080	Sin-iddinam 2003	rim:E4.2.9.2003	Old Babylonian
Q002081	Sin-iddinam 2004	rim:E4.2.9.2004	Old Babylonian
Q002082	Sin-iddinam 2005	rim:E4.2.9.2005	Old Babylonian
Q002083	Sin-iddinam 2006	rim:E4.2.9.2006	Old Babylonian
Q002084	Sin-iddinam 2007	rim:E4.2.9.2007	Old Babylonian
Q002085	Sin-iddinam 2008	rim:E4.2.9.2008	Old Babylonian
Q002086	Sin-iddinam 2009	rim:E4.2.9.2009	Old Babylonian
Q002087	Sin-iddinam 2010	rim:E4.2.9.2010	Old Babylonian
Q002088	Sin-iddinam 2011	rim:E4.2.9.2011	Old Babylonian
Q002089	Sin-iddinam 2012	rim:E4.2.9.2012	Old Babylonian
Q002090	Sin-iddinam 2013	rim:E4.2.9.2013	Old Babylonian
Q002091	Sin-iddinam 2014	rim:E4.2.9.2014	Old Babylonian
Q002092	Sin-iddinam 3001	rim:E4.2.9.3001	Old Babylonian
Q002093	Sin-eribam 0	rim:E4.2.10.0	Old Babylonian
Q002094	Sin-eribam 1	rim:E4.2.10.1	Old Babylonian
Q002095	Sin-iqišam 0	rim:E4.2.11.0	Old Babylonian
Q002096	Sin-iqišam 1	rim:E4.2.11.1	Old Babylonian
Q002097	Sin-iqišam 2	rim:E4.2.11.2	Old Babylonian
Q002098	Sin-iqišam 3	rim:E4.2.11.3	Old Babylonian
Q002099	Sin-iqišam 2001	rim:E4.2.11.2001	Old Babylonian
Q002100	Sin-iqišam 2002	rim:E4.2.11.2002	Old Babylonian
Q002101	Ṣilli-Adad 0	rim:E4.2.12.0	Old Babylonian
Q002102	Ṣilli-Adad 1	rim:E4.2.12.1	Old Babylonian
Q002103	Warad-Sin 02	rim:E4.2.12.2	Old Babylonian
Q002104	Warad-Sin 00	rim:E4.2.13.0	Old Babylonian
Q002105	Warad-Sin 01	rim:E4.2.13.1	Old Babylonian
Q002106	Warad-Sin 02	rim:E4.2.13.2	Old Babylonian
Q002107	Warad-Sin 03	rim:E4.2.13.3	Old Babylonian
Q002108	Warad-Sin 04	rim:E4.2.13.4	Old Babylonian
Q002109	Warad-Sin 05	rim:E4.2.13.5	Old Babylonian
Q002110	Warad-Sin 06	rim:E4.2.13.6	Old Babylonian
Q002111	Warad-Sin 07	rim:E4.2.13.7	Old Babylonian
Q002112	Warad-Sin 08	rim:E4.2.13.8	Old Babylonian
Q002113	Warad-Sin 09	rim:E4.2.13.9	Old Babylonian
Q002114	Warad-Sin 10	rim:E4.2.13.10	Old Babylonian
Q002115	Warad-Sin 11	rim:E4.2.13.11	Old Babylonian
Q002116	Warad-Sin 12	rim:E4.2.13.12	Old Babylonian
Q002117	Warad-Sin 13	rim:E4.2.13.13	Old Babylonian
Q002118	Warad-Sin 14	rim:E4.2.13.14	Old Babylonian
Q002119	Warad-Sin 15	rim:E4.2.13.15	Old Babylonian
Q002120	Warad-Sin 16	rim:E4.2.13.16	Old Babylonian
Q002121	Warad-Sin 17	rim:E4.2.13.17	Old Babylonian
Q002122	Warad-Sin 18	rim:E4.2.13.18	Old Babylonian
Q002123	Warad-Sin 19	rim:E4.2.13.19	Old Babylonian
Q002124	Warad-Sin 20	rim:E4.2.13.20	Old Babylonian
Q002125	Warad-Sin 21	rim:E4.2.13.21	Old Babylonian
Q002126	Warad-Sin 22	rim:E4.2.13.22	Old Babylonian
Q002127	Warad-Sin 23	rim:E4.2.13.23	Old Babylonian
Q002128	Warad-Sin 24	rim:E4.2.13.24	Old Babylonian
Q002129	Warad-Sin 25	rim:E4.2.13.25	Old Babylonian
Q002130	Warad-Sin 26	rim:E4.2.13.26	Old Babylonian
Q002131	Warad-Sin 27	rim:E4.2.13.27	Old Babylonian
Q002132	Warad-Sin 28	rim:E4.2.13.28	Old Babylonian
Q002133	Warad-Sin 29	rim:E4.2.13.29	Old Babylonian
Q002134	Warad-Sin 30	rim:E4.2.13.30	Old Babylonian
Q002135	Warad-Sin 31	rim:E4.2.13.31	Old Babylonian
Q002136	Warad-Sin 32	rim:E4.2.13.32	Old Babylonian
Q002137	Warad-Sin 33	rim:E4.2.13.33	Old Babylonian
Q002138	Warad-Sin 1001	rim:E4.2.13.1001	Old Babylonian
Q002139	Warad-Sin 1002	rim:E4.2.13.1002	Old Babylonian
Q002141	Warad-Sin 2001	rim:E4.2.13.2001	Old Babylonian
Q002142	Warad-Sin 2002	rim:E4.2.13.2002	Old Babylonian
Q002143	Warad-Sin 2003	rim:E4.2.13.2003	Old Babylonian
Q002144	Warad-Sin 2004	rim:E4.2.13.2004	Old Babylonian
Q002145	Warad-Sin 2005	rim:E4.2.13.2005	Old Babylonian
Q002146	Rim-Sin I 00	rim:E4.2.14.0	Old Babylonian
Q002147	Rim-Sin I 01	rim:E4.2.14.1	Old Babylonian
Q002148	Rim-Sin I 04	rim:E4.2.14.4	Old Babylonian
Q002149	Rim-Sin I 09	rim:E4.2.14.9	Old Babylonian
Q002152	Rim-Sin I 17	rim:E4.2.14.17	Old Babylonian
Q002153	Rim-Sin I 18	rim:E4.2.14.18	Old Babylonian
Q002154	Rim-Sin I 06	rim:E4.2.14.6	Old Babylonian
Q002155	Rim-Sin I 07	rim:E4.2.14.7	Old Babylonian
Q002156	Rim-Sin I 08	rim:E4.2.14.8	Old Babylonian
Q002157	Rim-Sin I 10	rim:E4.2.14.10	Old Babylonian
Q002158	Rim-Sin I 13	rim:E4.2.14.13	Old Babylonian
Q002159	Rim-Sin I 14	rim:E4.2.14.14	Old Babylonian
Q002160	Rim-Sin I 15	rim:E4.2.14.15	Old Babylonian
Q002161	Rim-Sin I 19	rim:E4.2.14.19	Old Babylonian
Q002162	Rim-Sin I 20	rim:E4.2.14.20	Old Babylonian
Q002163	Rim-Sin I 21	rim:E4.2.14.21	Old Babylonian
Q002164	Rim-Sin I 22	rim:E4.2.14.22	Old Babylonian
Q002165	Rim-Sin I 23	rim:E4.2.14.23	Old Babylonian
Q002166	Rim-Sin I 2001	rim:E4.2.14.2001	Old Babylonian
Q002167	Rim-Sin I 2002	rim:E4.2.14.2002	Old Babylonian
Q002168	Rim-Sin I 2003	rim:E4.2.14.2003	Old Babylonian
Q002169	Rim-Sin I 2004	rim:E4.2.14.2004	Old Babylonian
Q002170	Rim-Sin I 2005	rim:E4.2.14.2005	Old Babylonian
Q002171	Rim-Sin I 2006	rim:E4.2.14.2006	Old Babylonian
Q002172	Rim-Sin I 2007	rim:E4.2.14.2007	Old Babylonian
Q002173	Rim-Sin II 0	rim:E4.2.15.0	Old Babylonian
Q002174	Rim-Sin I 02	rim:E4.2.14.2	Old Babylonian
Q002175	Rim-Sin I 03	rim:E4.2.14.3	Old Babylonian
Q002176	Rim-Sin I 16	rim:E4.2.14.16	Old Babylonian
Q002177	Rim-Sin I 12	rim:E4.2.14.12	Old Babylonian
Q002178	Kudur-mabuk 1	etcsl:1	Old Babylonian
Q002179	Kudur-mabuk 3		Old Babylonian
Q002180	Hammu-rabi 01	rim:E4.3.6.1	Old Babylonian
Q002181	Hammu-rabi 02 (Akkadian)	rim:E4.3.6.2	Old Babylonian
Q002182	Hammu-rabi 04	rim:E4.3.6.4	Old Babylonian
Q002183	Hammu-rabi 05	rim:E4.3.6.5	Old Babylonian
Q002184	Hammu-rabi 08	rim:E4.3.6.8	Old Babylonian
Q002185	Hammu-rabi 09	rim:E4.3.6.9	Old Babylonian
Q002186	Hammu-rabi 10	rim:E4.3.6.10	Old Babylonian
Q002187	Hammu-rabi 11	rim:E4.3.6.11	Old Babylonian
Q002188	Hammu-rabi 12 (Akkadian)	rim:E4.3.6.12	Old Babylonian
Q002189	Hammu-rabi 13	rim:E4.3.6.13	Old Babylonian
Q002190	Hammu-rabi 14 (Akkadian)	rim:E4.3.6.14	Old Babylonian
Q002191	Hammu-rabi 15	rim:E4.3.6.15	Old Babylonian
Q002192	Hammu-rabi 16	rim:E4.3.6.16	Old Babylonian
Q002193	Hammu-rabi 18	rim:E4.3.6.18	Old Babylonian
Q002194	Hammu-rabi 19	rim:E4.3.6.19	Old Babylonian
Q002195	Hammu-rabi 1001	rim:E4.3.6.1001	Old Babylonian
Q002196	Hammu-rabi 2001	rim:E4.3.6.2001	Old Babylonian
Q002197	Hammu-rabi 2002	rim:E4.3.6.2002	Old Babylonian
Q002198	Hammu-rabi 2003	rim:E4.3.6.2003	Old Babylonian
Q002199	Hammu-rabi 2004	rim:E4.3.6.2004	Old Babylonian
Q002200	Hammu-rabi 2005	rim:E4.3.6.2005	Old Babylonian
Q002201	Hammu-rabi 2006	rim:E4.3.6.2006	Old Babylonian
Q002202	Hammu-rabi 2007	rim:E4.3.6.2007	Old Babylonian
Q002203	Hammu-rabi 2008	rim:E4.3.6.2008	Old Babylonian
Q002204	Hammu-rabi 2009	rim:E4.3.6.2009	Old Babylonian
Q002205	Hammu-rabi 2010	rim:E4.3.6.2010	Old Babylonian
Q002206	Hammu-rabi 2011	rim:E4.3.6.2011	Old Babylonian
Q002207	Hammu-rabi 2012	rim:E4.3.6.2012	Old Babylonian
Q002208	Hammu-rabi 2013	rim:E4.3.6.2013	Old Babylonian
Q002209	Hammu-rabi 2014	rim:E4.3.6.2014	Old Babylonian
Q002210	Hammu-rabi 2015	rim:E4.3.6.2015	Old Babylonian
Q002211	Hammu-rabi 2016	rim:E4.3.6.2016	Old Babylonian
Q002212	Hammu-rabi 2017	rim:E4.3.6.2017	Old Babylonian
Q002213	Hammu-rabi 2018	rim:E4.3.6.2018	Old Babylonian
Q002214	Hammu-rabi 2019	rim:E4.3.6.2019	Old Babylonian
Q002215	Hammu-rabi 2020	rim:E4.3.6.2020	Old Babylonian
Q002216	Hammu-rabi 2021	rim:E4.3.6.2021	Old Babylonian
Q002217	Hammu-rabi 2022	rim:E4.3.6.2022	Old Babylonian
Q002218	Hammu-rabi 3001	rim:E4.3.6.3001	Old Babylonian
Q002219	Hammu-rabi 3002	rim:E4.3.6.3002	Old Babylonian
Q002220	Samsu-iluna 03 (Akkadian)	rim:E4.3.7.3	Old Babylonian
Q002221	Samsu-iluna 04	rim:E4.3.7.4	Old Babylonian
Q002222	Samsu-iluna 05 (Akkadian)	rim:E4.3.7.5	Old Babylonian
Q002223	Samsu-iluna 06	rim:E4.3.7.6	Old Babylonian
Q002224	Samsu-iluna 07 (Akkadian)	rim:E4.3.7.7	Old Babylonian
Q002225	Samsu-iluna 08 (Akkadian)	rim:E4.3.7.8	Old Babylonian
Q002226	Samsu-iluna 1001	rim:E4.3.7.1001	Old Babylonian
Q002227	Samsu-iluna 3001	rim:E4.3.7.3001	Old Babylonian
Q002228	Samsu-iluna 3002	rim:E4.3.7.3002	Old Babylonian
Q002229	Samsu-iluna 3003	rim:E4.3.7.3003	Old Babylonian
Q002230	Samsu-iluna 3004	rim:E4.3.7.3004	Old Babylonian
Q002231	Abi-ešuh 1	rim:E4.3.8.1	Old Babylonian
Q002232	Abi-ešuh 2	rim:E4.3.8.2	Old Babylonian
Q002233	Abi-ešuh 1001	rim:E4.3.8.1001	Old Babylonian
Q002234	Ammi-ditana 1	rim:E4.3.9.1	Old Babylonian
Q002235	Ammi-ditana 2	rim:E4.3.9.2	Old Babylonian
Q002236	Ammi-ṣaduqa 1	rim:E4.3.10.1	Old Babylonian
Q002237	Ammi-ṣaduqa 2001	rim:E4.3.10.2001	Old Babylonian
Q002238	Sin-kašid 01	rim:E4.4.1.1	Old Babylonian
Q002239	Sin-kašid 02	rim:E4.4.1.2	Old Babylonian
Q002240	Sin-kašid 03	rim:E4.4.1.3	Old Babylonian
Q002241	Sin-kašid 04	rim:E4.4.1.4	Old Babylonian
Q002242	Sin-kašid 05	rim:E4.4.1.5	Old Babylonian
Q002243	Sin-kašid 06	rim:E4.4.1.6	Old Babylonian
Q002244	Sin-kašid 07	rim:E4.4.1.7	Old Babylonian
Q002245	Sin-kašid 08	rim:E4.4.1.8	Old Babylonian
Q002246	Sin-kašid 09	rim:E4.4.1.9	Old Babylonian
Q002247	Sin-kašid 10	rim:E4.4.1.10	Old Babylonian
Q002248	Sin-kašid 11	rim:E4.4.1.11	Old Babylonian
Q002249	Sin-kašid 12	rim:E4.4.1.12	Old Babylonian
Q002250	Sin-kašid 13	rim:E4.4.1.13	Old Babylonian
Q002251	Sin-kašid 14	rim:E4.4.1.14	Old Babylonian
Q002252	Sin-kašid 15	rim:E4.4.1.15	Old Babylonian
Q002253	Sin-gamil 1	rim:E4.4.3.1	Old Babylonian
Q002254	Sin-gamil 2add	rim:E4.4.3.2	Old Babylonian
Q002255	Sin-gamil 3add	rim:E4.4.3.3	Old Babylonian
Q002256	Ilum-gamil 1add	rim:E4.4.4.1	Old Babylonian
Q002257	Anam 1	rim:E4.4.6.1	Old Babylonian
Q002258	Anam 2	rim:E4.4.6.2	Old Babylonian
Q002259	Anam 3	rim:E4.4.6.3	Old Babylonian
Q002260	Anam 4	rim:E4.4.6.4	Old Babylonian
Q002261	Anam 5	rim:E4.4.6.5	Old Babylonian
Q002262	Anam 6	rim:E4.4.6.6	Old Babylonian
Q002263	Bilalama of Ešnunna 4	rim:E4.5.3.4	Old Babylonian
Q003220	Gudea 55b	rim:E3/1.1.7.55	Lagaš II
Q003228	Gudea 101		Lagaš II
Q003229	Gudea 102		Lagaš II
Q003637	Mes-kigala 2001	rim:E1.1.9.2001	Early Dynastic
Q003638	LUGAL-UD 2	rim:E1.7.41.2	Early Dynastic
Q003640	Enna-il 2	rim:E1.8.3.2	Early Dynastic
Q003641	Ur-Nanše 06a	rim:E1.9.1.6a	Early Dynastic
Q003642	Ur-Nanše 30b	rim:E1.9.1.30b	Early Dynastic
Q003643	A-kurgal 2b	rim:E1.9.2.2b	Early Dynastic
Q003644	E-anatum 07b	rim:E1.9.3.7b	Early Dynastic
Q003645	E-anatum 15	rim:E1.9.3.15	Early Dynastic
Q003646	E-anatum 18	rim:E1.9.3.18	Early Dynastic
Q003647	En-metena 05b	rim:E1.9.5.5b	Early Dynastic
Q003648	En-metena 29	rim:E1.9.5.29	Early Dynastic
Q003649	En-metena 30	rim:E1.9.5.30	Early Dynastic
Q003650	Lugal-Anda 1	rim:E1.9.8.1	Early Dynastic
Q003651	Lugal-Anda 3	rim:E1.9.8.3	Early Dynastic
Q003652	URU-KA-gina 12	rim:E1.9.9.12	Early Dynastic
Q003653	URU-KA-gina 13	rim:E1.9.9.13	Early Dynastic
Q003654	Unnamed Rulers of Lagaš 1	rim:E1.9.10.1	Early Dynastic
Q003655	Unnamed Rulers of Lagaš 3	rim:E1.9.10.3	Early Dynastic
Q003656	Ur-LUM-ma 2	rim:E1.12.4.2	Early Dynastic
Q003657	Lugal-zage-si 1	rim:E1.12.7.1	Early Dynastic
Q003658	A-Anzu 1	rim:E1.13.1.1	Early Dynastic
Q003659	Ur-Pabilsag 1	rim:E1.13.2.1	Early Dynastic
Q003660	Gan-kug-sig 1	rim:E1.13.2.1001.1	Early Dynastic
Q003661	Mes-KALAM-du 1	rim:E1.13.3.1	Early Dynastic
Q003662	Mes-KALAM-du 2	rim:E1.13.3.2	Early Dynastic
Q003663	Mes-KALAM-du 3	rim:E1.13.3.3	Early Dynastic
Q003664	A-KALAM-du 1	rim:E1.13.4.1	Early Dynastic
Q003665	Mes-Ane-pada 2	rim:E1.13.5.2	Early Dynastic
Q003666	Mes-Ane-pada 3	rim:E1.13.5.3	Early Dynastic
Q003667	Mes-Ane-pada 4	rim:E1.13.5.4	Early Dynastic
Q003668	Lugal-kigine-dudu 3b	rim:E1.14.14.3b	Early Dynastic
Q003669	Lugal-KISAL-si 2	rim:E1.14.15.2	Early Dynastic
Q003670	En-anatum I 13	rim:E1.9.4.13	Early Dynastic
Q003671	En-metena 13	rim:E1.9.5.13	Early Dynastic
Q003672	Lugal-[SILA] 1	rim:E1.14.21.1	Early Dynastic
Q003673	Unknown &quot;Vanquisher of Hamazi&quot; 1	rim:E1.15.1.1	Early Dynastic
Q001134	URU-KA-gina 17add		Early Dynastic
Q001135	URU-KA-gina 19add		Early Dynastic
Q001136	URU-KA-gina 20add		Early Dynastic
Q001137	URU-KA-gina 21add		Early Dynastic
Q001138	URU-KA-gina 22add		Early Dynastic
Q001139	URU-KA-gina 23add		Early Dynastic
Q001140	URU-KA-gina 24add		Early Dynastic
Q001141	URU-KA-gina 25add		Early Dynastic
Q001142	URU-KA-gina 26add		Early Dynastic
Q001143	URU-KA-gina 27add		Early Dynastic
Q001144	URU-KA-gina 28add		Early Dynastic
Q001145	URU-KA-gina 29add		Early Dynastic
Q001146	URU-KA-gina 30add		Early Dynastic
Q001147	URU-KA-gina 31add		Early Dynastic
Q001148	URU-KA-gina 32add		Early Dynastic
Q001149	URU-KA-gina 33add		Early Dynastic
Q003909	Lugal-kigine-dudu 7		Early Dynastic
Q004103	Lipit-Eštar 10add		Old Babylonian
Q001173	Anonymous Lagaš 01		Early Dynastic
Q001174	Anonymous Lagaš 02		Early Dynastic
Q001176	Anonymous Lagaš 04		Early Dynastic
Q001177	Anonymous Lagaš 05		Early Dynastic
Q001178	Anonymous Lagaš 06		Early Dynastic
Q001179	Anonymous Lagaš 07		Early Dynastic
Q001181	Anonymous Lagaš 10		Early Dynastic
Q001184	Anonymous Lagaš 13		Early Dynastic
Q001185	Anonymous Lagaš 14		Early Dynastic
Q001186	Anonymous Lagaš 15		Early Dynastic
Q001187	Anonymous Lagaš 16		Early Dynastic
Q001188	Anonymous Lagaš 17		Early Dynastic
Q001189	Anonymous Lagaš 18		Early Dynastic
Q001190	Anonymous Lagaš 19		Early Dynastic
Q001191	Anonymous Lagaš 20		Early Dynastic
Q001192	Anonymous Lagaš 24		Early Dynastic
Q001193	Anonymous Lagaš 25		Early Dynastic
Q001194	Anonymous Lagaš 26		Early Dynastic
Q001195	Anonymous Lagaš 28		Early Dynastic
Q001196	Anonymous Lagaš 29		Early Dynastic
Q001197	Anonymous Lagaš 30		Early Dynastic
Q001206	Anonymous Adab 01		Early Dynastic
Q001207	Anonymous Adab 02		Early Dynastic
Q001208	Anonymous Adab 03		Early Dynastic
Q001209	Anonymous Adab 04		Early Dynastic
Q001210	Anonymous Adab 05		Early Dynastic
Q001211	Anonymous Adab 06		Early Dynastic
Q001212	Anonymous Adab 07		Early Dynastic
Q001213	Anonymous Adab 08		Early Dynastic
Q001215	Anonymous Adab 10		Early Dynastic
Q001216	Anonymous Adab 11		Early Dynastic
Q001217	Anonymous Adab 12		Early Dynastic
Q001218	Anonymous Adab 13		Early Dynastic
Q001219	Anonymous Agrab 1		Early Dynastic
Q001221	Anonymous Agrab 3		Early Dynastic
Q001222	Anonymous Agrab 4		Early Dynastic
Q001223	Anonymous Ešnuna 1		Early Dynastic
Q001224	Anonymous Ešnuna 2		Early Dynastic
Q001225	Anonymous Fara 1		Early Dynastic
Q001226	Anonymous Fara 2		Early Dynastic
Q001227	Anonymous Fara 3		Early Dynastic
Q001228	Anonymous Fara 4		Early Dynastic
Q001229	Anonymous Khafaje 01		Early Dynastic
Q001230	Anonymous Khafaje 02	rim:1.07.43.01	Early Dynastic
Q001231	Anonymous Khafaje 03		Early Dynastic
Q001232	Anonymous Khafaje 04		Early Dynastic
Q001233	Anonymous Khafaje 05		Early Dynastic
Q001234	Anonymous Khafaje 06		Early Dynastic
Q001235	Anonymous Khafaje 07		Early Dynastic
Q001236	Anonymous Khafaje 08		Early Dynastic
Q001237	Anonymous Khafaje 09		Early Dynastic
Q001238	Anonymous Khafaje 10		Early Dynastic
Q001239	Anonymous Khafaje 11		Early Dynastic
Q001240	Anonymous Khafaje 12		Early Dynastic
Q001259	Anonymous Nippur 01		Early Dynastic
Q001260	Anonymous Nippur 02		Early Dynastic
Q001261	Anonymous Nippur 03		Early Dynastic
Q001262	Anonymous Nippur 04		Early Dynastic
Q001263	Anonymous Nippur 05		Early Dynastic
Q001264	Anonymous Nippur 06		Early Dynastic
Q001265	Anonymous Nippur 07		Early Dynastic
Q001266	Anonymous Nippur 08		Early Dynastic
Q001267	Anonymous Nippur 09		Early Dynastic
Q001268	Anonymous Nippur 10		Early Dynastic
Q001269	Anonymous Nippur 11		Early Dynastic
Q001270	Anonymous Nippur 12		Early Dynastic
Q001271	Anonymous Nippur 13		Early Dynastic
Q001272	Anonymous Nippur 14		Early Dynastic
Q001273	Anonymous Nippur 15		Early Dynastic
Q001274	Anonymous Nippur 16		Early Dynastic
Q001275	Anonymous Nippur 17		Early Dynastic
Q001276	Anonymous Nippur 21		Early Dynastic
Q001277	Anonymous Nippur 22		Early Dynastic
Q001278	Anonymous Nippur 23		Early Dynastic
Q001279	Anonymous Nippur 24		Early Dynastic
Q001280	Anonymous Nippur 25		Early Dynastic
Q001281	Anonymous Nippur 26		Early Dynastic
Q001282	Anonymous Nippur 27		Early Dynastic
Q001283	Anonymous Nippur 28		Early Dynastic
Q001284	Anonymous Nippur 29		Early Dynastic
Q001285	Anonymous Nippur 30		Early Dynastic
Q001286	Anonymous Nippur 31		Early Dynastic
Q001287	Anonymous Nippur 32		Early Dynastic
Q001288	Anonymous Nippur 34		Early Dynastic
Q001289	Anonymous Nippur 35		Early Dynastic
Q001290	Anonymous Nippur 36		Early Dynastic
Q001291	Anonymous Nippur 37		Early Dynastic
Q001292	Anonymous Nippur 38		Early Dynastic
Q001293	Anonymous Nippur 39		Early Dynastic
Q001294	Anonymous Nippur 40		Early Dynastic
Q001295	Anonymous Nippur 41		Early Dynastic
Q001296	Anonymous Nippur 42		Early Dynastic
Q001297	Anonymous Nippur 43		Early Dynastic
Q001298	Anonymous Nippur 44		Early Dynastic
Q001299	Anonymous Nippur 45		Early Dynastic
Q001300	Anonymous Nippur 46		Early Dynastic
Q001301	Anonymous Nippur 47		Early Dynastic
Q001302	Anonymous Nippur 48		Early Dynastic
Q001303	Anonymous Nippur 49		Early Dynastic
Q001304	Anonymous Nippur 50		Early Dynastic
Q001305	Anonymous Nippur 51		Early Dynastic
Q001306	Anonymous Nippur 53		Early Dynastic
Q001307	Anonymous Nippur 54		Early Dynastic
Q001308	Anonymous Nippur 55		Early Dynastic
Q001309	Anonymous Nippur 56		Early Dynastic
Q001310	Anonymous Nippur 57		Early Dynastic
Q001311	Anonymous Nippur 58		Early Dynastic
Q001312	Anonymous Nippur 59		Early Dynastic
Q001313	Anonymous Nippur 60		Early Dynastic
Q001314	Anonymous Nippur 61		Early Dynastic
Q001315	Anonymous Nippur 62		Early Dynastic
Q001316	Anonymous Nippur 63		Early Dynastic
Q001317	Anonymous Nippur 64		Early Dynastic
Q001318	Anonymous Sippar 1		Early Dynastic
Q001319	Anonymous Sippar 2		Early Dynastic
Q001320	Anonymous Sippar 3		Early Dynastic
Q001327	Anonymous Umma 1		Early Dynastic
Q001340	Anonymous Ur 02		Early Dynastic
Q001341	Anonymous Ur 03		Early Dynastic
Q001342	Anonymous Ur 04		Early Dynastic
Q001343	Anonymous Ur 05		Early Dynastic
Q001344	Anonymous Ur 06		Early Dynastic
Q001345	Anonymous Ur 07		Early Dynastic
Q001346	Anonymous Ur 08		Early Dynastic
Q001347	Anonymous Ur 09		Early Dynastic
Q001349	Anonymous Ur 11		Early Dynastic
Q001352	Anonymous Ur 14		Early Dynastic
Q001353	Anonymous Ur 15		Early Dynastic
Q001354	Anonymous Ur 16		Early Dynastic
Q001355	Anonymous Ur 17		Early Dynastic
Q001356	Anonymous Ur 18		Early Dynastic
Q001357	Anonymous Ur 19		Early Dynastic
Q001358	Anonymous Ur 20		Early Dynastic
Q001359	Anonymous Ur 21		Early Dynastic
Q001360	Anonymous Ur 22		Early Dynastic
Q001361	Anonymous Ur 23		Early Dynastic
Q004105	Mes-kigala 2002add		Early Dynastic
Q004106	Bara-sagnudi 1		Early Dynastic
Q004112	Amar-Suen 2010add		Ur III
Q004113	Amar-Suen 2011add		Ur III
Q004114	Amar-Suen 2012add		Ur III
Q004115	Amar-Suen 2013add		Ur III
Q004116	Amar-Suen 2014add		Ur III
Q004117	Amar-Suen 2015add		Ur III
Q004118	Amar-Suen 2016add		Ur III
Q004119	Amar-Suen 2017add		Ur III
Q004120	Amar-Suen 2018add		Ur III
Q004121	Amar-Suen 2019add		Ur III
Q004122	Amar-Suen 2020add		Ur III
Q004123	Amar-Suen 2021add		Ur III
Q004124	Amar-Suen 2022add		Ur III
Q004125	Amar-Suen 2023add		Ur III
Q004126	Amar-Suen 2024add		Ur III
Q004127	Amar-Suen 2025add		Ur III
Q004128	Amar-Suen 2026add		Ur III
Q004129	Amar-Suen 2027add		Ur III
Q004130	Amar-Suen 2028add		Ur III
Q004131	Amar-Suen 2029add		Ur III
Q004132	Amar-Suen 2030add		Ur III
Q004133	Amar-Suen 2031add		Ur III
Q004134	Amar-Suen 2032add		Ur III
Q004135	Amar-Suen 2033add		Ur III
Q004136	Amar-Suen 2034add		Ur III
Q004137	Amar-Suen 2035add		Ur III
Q004138	Amar-Suen 2036add		Ur III
Q004139	Amar-Suen 2037add		Ur III
Q004140	Amar-Suen 2038add		Ur III
Q004141	Amar-Suen 2039add		Ur III
Q004142	Amar-Suen 2040add		Ur III
Q004143	Amar-Suen 2041add		Ur III
Q004145	Amar-Suen 2043add		Ur III
Q004146	Amar-Suen 2044add		Ur III
Q004147	Amar-Suen 2045add		Ur III
Q004148	Amar-Suen 2046add		Ur III
Q004149	Amar-Suen 2047add		Ur III
Q004150	Amar-Suen 2048add		Ur III
Q004151	Amar-Suen 2049add		Ur III
Q004152	Amar-Suen 2050add		Ur III
Q004153	Amar-Suen 2051add		Ur III
Q004155	Amar-Suen 2054add		Ur III
Q004156	Amar-Suen 2055add		Ur III
Q004157	Amar-Suen 2056add		Ur III
Q004158	Amar-Suen 2057add		Ur III
Q004159	Amar-Suen 2058add		Ur III
Q004160	Amar-Suen 2059add		Ur III
Q004162	Amar-Suen 2061add		Ur III
Q004163	Amar-Suen 2062add		Ur III
Q004166	Anonymous Uruk 2		Early Dynastic
Q004167	Anonymous Lagaš 27		Early Dynastic
Q004168	Anonymous 01		Early Dynastic
Q004170	Anonymous 02		Early Dynastic
Q004171	Anonymous 03		Early Dynastic
Q004172	Anonymous 09		Early Dynastic
Q004173	Anonymous 10		Early Dynastic
Q004174	Anonymous 12		Early Dynastic
Q004175	Anonymous 13		Early Dynastic
Q004176	Anonymous 14		Early Dynastic
Q004244	E-pa-e 1		Early Dynastic
Q004245	Nigir-eša-tum 1		Early Dynastic
Q004246	Anonymous Nippur 65add		Early Dynastic
Q004247	Ur-ešlila 1		Early Dynastic
Q004248	Anonymous Lagaš 31add		Early Dynastic
Q004249	Geme-Bau 1		Early Dynastic
Q004250	Arad-Dumuzida 1		Early Dynastic
Q004251	Tulili 1		Early Dynastic
Q004843	En-metena 31add	rim:E.1.9.5.31add	Early Dynastic
Q004253	Lugal-ayamu 2001		Old Akkadian
Q004254	Šaratigubisin 1		Old Akkadian
Q004255	Lagaš II Unidentified 1028add		Lagaš II
Q004256	Lagaš II Unidentified 1029add		Lagaš II
Q004257	Lagaš II Unidentified 1030add		Lagaš II
Q004258	Lagaš II Unidentified 1031add		Lagaš II
Q004259	Lagaš II Unidentified 1032add		Lagaš II
Q004260	Lagaš II Unidentified 1033add		Lagaš II
Q004261	Lagaš II Unidentified 1034add		Lagaš II
Q004262	Lagaš II Unidentified 1035add		Lagaš II
Q004263	Lagaš II Unidentified 1036add		Lagaš II
Q004264	Lagaš II Unidentified 1037add		Lagaš II
Q004265	Lagaš II Unidentified 1038add		Lagaš II
Q004266	Lagaš II Unidentified 1039add		Lagaš II
Q004267	Lagaš II Unidentified 1040add		Lagaš II
Q004268	Lagaš II Unidentified 1042add		Lagaš II
Q004269	Lagaš II Unidentified 1043add		Lagaš II
Q004270	Lagaš II Unidentified 1044add		Lagaš II
Q004271	Lagaš II Unidentified 1045add		Lagaš II
Q004272	Lagaš II Unidentified 1046add		Lagaš II
Q004273	Lagaš II Unidentified 1047add		Lagaš II
Q004274	Lagaš II Unidentified 1048add		Lagaš II
Q004275	Lagaš II Unidentified 1049add		Lagaš II
Q004276	Idattu 1		Ur III
Q004278	Šulgi 2060add		Ur III
Q004279	Šulgi 2061add		Ur III
Q004280	Šulgi 2062add		Ur III
Q004281	Šulgi 2063add		Ur III
Q004282	Šulgi 2064add		Ur III
Q004283	Šulgi 2065add		Ur III
Q004284	Šulgi 2066add		Ur III
Q004285	Šulgi 2067add		Ur III
Q004286	Šulgi 2068add		Ur III
Q004287	Šulgi 2069add		Ur III
Q004288	Šulgi 2070add		Ur III
Q004289	Šulgi 2071add		Ur III
Q004290	Šulgi 2072add		Ur III
Q004291	Šulgi 2073add		Ur III
Q004292	Šulgi 2074add		Ur III
Q004293	Šulgi 2075add		Ur III
Q004294	Šulgi 2076add		Ur III
Q004295	Šulgi 2077add		Ur III
Q004296	Šulgi 2078add		Ur III
Q004297	Šulgi 2079add		Ur III
Q004298	Šulgi 2080add		Ur III
Q004299	Šulgi 2081add		Ur III
Q004300	Šulgi 2082add		Ur III
Q004301	Šulgi 2083add		Ur III
Q004302	Šulgi 2084add		Ur III
Q004303	Šulgi 2085add		Ur III
Q004304	Šulgi 2086add		Ur III
Q004305	Šulgi 2087add		Ur III
Q004306	Šulgi 2088add		Ur III
Q004307	Šulgi 2089add		Ur III
Q004308	Šulgi 2090add		Ur III
Q004309	Šulgi 2091add		Ur III
Q004310	Šulgi 2092add		Ur III
Q004311	Šulgi 2093add		Ur III
Q004312	Šulgi 2094add		Ur III
Q004313	Šulgi 2095add		Ur III
Q004314	Šulgi 2096add		Ur III
Q004315	Šulgi 2097add		Ur III
Q004316	Šulgi 2098add		Ur III
Q004317	Šulgi 2099add		Ur III
Q004318	Šulgi 2100add		Ur III
Q004319	Šulgi 2101add		Ur III
Q004320	Šulgi 2102add		Ur III
Q004321	Šulgi 2103add		Ur III
Q004322	Šulgi 2104add		Ur III
Q004323	Šulgi 2105add		Ur III
Q004324	Šulgi 2106add		Ur III
Q004325	Šulgi 2107add		Ur III
Q004326	Šulgi 2108add		Ur III
Q004327	Šulgi 2110add		Ur III
Q004328	Šulgi 2111add		Ur III
Q004329	Šulgi 2112add		Ur III
Q004330	Šulgi 2113add		Ur III
Q004331	Šulgi 2114add		Ur III
Q004332	Šulgi 2115add		Ur III
Q004333	Šulgi 2116add		Ur III
Q004334	Šulgi 2117add		Ur III
Q004335	Šulgi 2118add		Ur III
Q004336	Šulgi 2119add		Ur III
Q004337	Šulgi 2120add		Ur III
Q004338	Šulgi 2121add		Ur III
Q004339	Šulgi 2122add		Ur III
Q004340	Šulgi 2123add		Ur III
Q004341	Šulgi 2124add		Ur III
Q004342	Šulgi 2125add		Ur III
Q004343	Šulgi 2126add		Ur III
Q004344	Šulgi 2127add		Ur III
Q004345	Šulgi 2128add		Ur III
Q004346	Šulgi 2129add		Ur III
Q004347	Šulgi 2130add		Ur III
Q004348	Šulgi 2131add		Ur III
Q004349	Šulgi 2132add		Ur III
Q004350	Šulgi 2133add		Ur III
Q004351	Šulgi 2134add		Ur III
Q004352	Amar-Suen 2042add		Ur III
Q004353	Amar-Suen 2052add		Ur III
Q004354	Amar-Suen 2060add		Ur III
Q004355	Šu-Suen 2019add		Ur III
Q004356	Šu-Suen 2020add		Ur III
Q004357	Šu-Suen 2021add		Ur III
Q004358	Šu-Suen 2022add		Ur III
Q004359	Šu-Suen 2023add		Ur III
Q004360	Šu-Suen 2024add		Ur III
Q004361	Šu-Suen 2025add		Ur III
Q004362	Šu-Suen 2026add		Ur III
Q004363	Šu-Suen 2027add		Ur III
Q004364	Šu-Suen 2028add		Ur III
Q004365	Šu-Suen 2029add		Ur III
Q004366	Šu-Suen 2030add		Ur III
Q004367	Šu-Suen 2031add		Ur III
Q004368	Šu-Suen 2032add		Ur III
Q004369	Šu-Suen 2033add		Ur III
Q004370	Šu-Suen 2034add		Ur III
Q004371	Šu-Suen 2035add		Ur III
Q004372	Šu-Suen 2036add		Ur III
Q004373	Šu-Suen 2037add		Ur III
Q004374	Šu-Suen 2038add		Ur III
Q004375	Šu-Suen 2039add		Ur III
Q004376	Šu-Suen 2040add		Ur III
Q004377	Šu-Suen 2041add		Ur III
Q004378	Šu-Suen 2042add		Ur III
Q004379	Šu-Suen 2043add		Ur III
Q004380	Šu-Suen 2044add		Ur III
Q004381	Šu-Suen 2046add		Ur III
Q004382	Šu-Suen 2047add		Ur III
Q004383	Šu-Suen 2048add		Ur III
Q004384	Šu-Suen 2049add		Ur III
Q004385	Šu-Suen 2050add		Ur III
Q004386	Šu-Suen 2051add		Ur III
Q004387	Šu-Suen 2052add		Ur III
Q004388	Šu-Suen 2053add		Ur III
Q004389	Šu-Suen 2054add		Ur III
Q004390	Šu-Suen 2055add		Ur III
Q004391	Šu-Suen 2056add		Ur III
Q004392	Šu-Suen 2058add		Ur III
Q004393	Šu-Suen 2059add		Ur III
Q004394	Šu-Suen 2060add		Ur III
Q004395	Šu-Suen 2061add		Ur III
Q004396	Šu-Suen 2062add		Ur III
Q004397	Šu-Suen 2063add		Ur III
Q004398	Šu-Suen 2065add		Ur III
Q004399	Šu-Suen 2066add		Ur III
Q004400	Šu-Suen 2067add		Ur III
Q004401	Šu-Suen 2068add		Ur III
Q004402	Šu-Suen 2069add		Ur III
Q004403	Šu-Suen 2070add		Ur III
Q004404	Šu-Suen 2071add		Ur III
Q004405	Šu-Suen 2072add		Ur III
Q004406	Šu-Suen 2073add		Ur III
Q004407	Šu-Suen 2074add		Ur III
Q004408	Šu-Suen 2075add		Ur III
Q004409	Šu-Suen 2076add		Ur III
Q004410	Šu-Suen 2077add		Ur III
Q004411	Šu-Suen 2078add		Ur III
Q004412	Šu-Suen 2079add		Ur III
Q004413	Šu-Suen 2080add		Ur III
Q004414	Šu-Suen 2081add		Ur III
Q004415	Šu-Suen 2082add		Ur III
Q004416	Šu-Suen 2083add		Ur III
Q004417	Šu-Suen 2084add		Ur III
Q004418	Šu-Suen 2085add		Ur III
Q004419	Šu-Suen 2086add		Ur III
Q004420	Šu-Suen 2087add		Ur III
Q004421	Šu-Suen 2088add		Ur III
Q004422	Šu-Suen 2089add		Ur III
Q004423	Šu-Suen 2090add		Ur III
Q004424	Šu-Suen 2091add		Ur III
Q004425	Šu-Suen 2092add		Ur III
Q004426	Šu-Suen 2093add		Ur III
Q004427	Šu-Suen 2094add		Ur III
Q004428	Šu-Suen 2095add		Ur III
Q004429	Šu-Suen 2096add		Ur III
Q004430	Šu-Suen 2097add		Ur III
Q004431	Šu-Suen 2098add		Ur III
Q004432	Šu-Suen 2099add		Ur III
Q004433	Šu-Suen 2100add		Ur III
Q004434	Šu-Suen 2101add		Ur III
Q004435	Šu-Suen 2102add		Ur III
Q004436	Šu-Suen 2103add		Ur III
Q004437	Šu-Suen 2104add		Ur III
Q004438	Šu-Suen 2105add		Ur III
Q004439	Šu-Suen 2106add		Ur III
Q004440	Šu-Suen 2107add		Ur III
Q004441	Šu-Suen 2108add		Ur III
Q004442	Šu-Suen 2109add		Ur III
Q004443	Šu-Suen 2110add		Ur III
Q004444	Šu-Suen 2111add		Ur III
Q004445	Šu-Suen 2112add		Ur III
Q004446	Šu-Suen 2113add		Ur III
Q004447	Šu-Suen 2114add		Ur III
Q004449	Gungunum 5add		Old Babylonian
Q004809	Anonymous unclear 5		Early Dynastic
Q004810	Anonymous Nippur 67		Early Dynastic
Q004811	Anonymous unclear 2		Early Dynastic
Q008415	En-metena 32add		Early Dynastic
Q004835	Udumes 1		Early Dynastic
Q004836	Anonymous unclear 4		Early Dynastic
Q004838	Ur-Nanše 34add (formerly Anonymous Khafaje 02)	rim:E1.07.43.01	Early Dynastic
Q004840	E-anatum 20add	rim:E1.09.03.add20	Early Dynastic
Q004841	E-anatum 21add	rim:E1.09.03.add21	Early Dynastic
Q004842	E-anatum 22add	rim:E1.09.03.add22	Early Dynastic
Q004252	En-metena 33add	rim:E1.09.05.add31	Early Dynastic
Q004860	Anonymous Umma? 1	rim:E1.12.add09.01	Early Dynastic
Q004861	Anonymous Girsu? 1	rim:E1.12.add10.01	Early Dynastic
Q004862	Anonymous Kiš 1	rim:E1.15.03.01	Early Dynastic
Q004863	Anonymous unclear 3	rim:E1.15.04.01	Early Dynastic
Q004864	En-šakuš-Ana 5add	rim:E1.14.17.add05	Early Dynastic
Q004865	Lugal-ana-mundu 1	rim:E1.01.08.01	Early Dynastic
Q004866	A-Ane-pada 7add	rim:E1.13.06.add07	Early Dynastic
Q004867	Anonymous Kiš? 3		Early Dynastic
Q004868	Unnamed rulers of Lagaš 4add	rim:E1.09.10.add04	Early Dynastic
Q004869	Anonymous Ur 24		Early Dynastic
Q004871	Anonymous Nippur 69	rim:E1.15.add06.01	Early Dynastic
Q004872	Anonymous unclear 1	rim:E1.15.add07.01	Early Dynastic
Q004873	Iri-kagina 34add	rim:E1.09.09.34add	Early Dynastic
Q004874	Unattributed 2	rim:E3/2.99.99.01	Ur III
Q004875	Sargon 2006add	rim:E2.01.01.2006add	Old Akkadian
Q004876	Sargon 2007add	rim:E2.01.01.2007add	Old Akkadian
Q004877	Gudea 103add	rim:E3/1.01.07.103add	Lagaš II
Q004878	Ur-Ninmarki 1	rim:E3/2.99.98.01	Ur III
Q004879	Ur-Ninmarki 2	rim:E3/2.99.98.02	Ur III
Q004880	Ur-Ninsumuna 1	rim:E3/2.99.98.03	Ur III
Q004881	Lagaš II Unidentified 1050add	rim:E3/1.01.13.1050add	Lagaš II
Q004882	Lagaš II Unidentified 1051add	rim:E3/1.01.13.1051add	Lagaš II
Q004883	Lagaš II Unidentified 1052add	rim:E3/1.01.13.1052add	Lagaš II
Q004884	Lagaš II Unidentified 1053add	rim:E3/1.01.13.1053add	Lagaš II
Q004885	Lagaš II Unidentified 1054add	rim:E3/1.01.13.1054add	Lagaš II
Q004886	Lagaš II Unidentified 1056add	rim:E3/1.01.13.1056add	Lagaš II
Q004887	Lagaš II Unidentified 1057add	rim:E3/1.01.13.1057add	Lagaš II
Q004888	Lagaš II Unidentified 1058add	rim:E3/1.01.13.1058add	Lagaš II
Q004889	Lagaš II Unidentified 1059add	rim:E3/1.01.13.1059add	Lagaš II
Q004890	Lagaš II Unidentified 1060add	rim:E3/1.01.13.1060add	Lagaš II
Q004891	Lagaš II Unidentified 1061add	rim:E3/1.01.13.1061add	Lagaš II
Q004892	Lagaš II Unidentified 1062add	rim:E3/1.01.13.1062add	Lagaš II
Q004893	Lagaš II Unidentified 1063add	rim:E3/1.01.13.1063add	Lagaš II
Q004894	Lagaš II Unidentified 1064add	rim:E3/1.01.13.1064add	Lagaš II
Q004895	Lagaš II Unidentified 1065add	rim:E3/1.01.13.1065add	Lagaš II
Q004896	Ur-Namma 55add	rim:E3/2.01.01.55add	Ur III
Q004897	Ur-Namma 56add	rim:E3/2.01.01.56add	Ur III
Q004898	Šulgi 98add	rim:E3/2.01.02.98add	Ur III
Q004899	Amar-Suen 2063add	rim:E3/2.01.03.2063add	Ur III
Q004900	Šu-Suen 2116add	rim:E3/2.01.04.2116add	Ur III
Q004901	Šu-Suen 2117add	rim:E3/2.01.04.2117add	Ur III
Q004902	Šu-Suen 2118add	rim:E3/2.01.04.2118add	Ur III
Q004903	Šu-Suen 2119add	rim:E3/2.01.04.2119add	Ur III
Q004904	Šu-Suen 2120add	rim:E3/2.01.04.2120add	Ur III
Q004905	Šu-Suen 2121add	rim:E3/2.01.04.2121add	Ur III
Q004906	Šu-Suen 2122add	rim:E3/2.01.04.2122add	Ur III
Q004907	Šu-Suen 2123add	rim:E3/2.01.04.2123add	Ur III
Q004908	Šu-Suen 2124add	rim:E3/2.01.04.2124add	Ur III
Q004909	Šu-Suen 2125add	rim:E3/2.01.04.2125add	Ur III
Q004910	Šu-Suen 2126add	rim:E3/2.01.04.2126add	Ur III
Q004911	Šu-Suen 2127add	rim:E3/2.01.04.2127add	Ur III
Q004912	Šu-Suen 2128add	rim:E3/2.01.04.2128add	Ur III
Q004913	Šu-Suen 2129add	rim:E3/2.01.04.2129add	Ur III
Q004914	Šu-Suen 2130add	rim:E3/2.01.04.2130add	Ur III
Q004915	Šu-Suen 2131add	rim:E3/2.01.04.2131add	Ur III
Q004916	Šu-Suen 2132add	rim:E3/2.01.04.2132add	Ur III
Q004917	Šu-Suen 2133add	rim:E3/2.01.04.2133add	Ur III
Q004918	Šu-Suen 2134add	rim:E3/2.01.04.2134add	Ur III
Q004919	Šu-Suen 2135add	rim:E3/2.01.04.2135add	Ur III
Q004920	Šu-Suen 2136add	rim:E3/2.01.04.2136add	Ur III
Q004921	Šu-Suen 2137add	rim:E3/2.01.04.2137add	Ur III
Q004922	Šu-Suen 2138add	rim:E3/2.01.04.2138add	Ur III
Q004923	Šu-Suen 2139add	rim:E3/2.01.04.2139add	Ur III
Q004924	Šu-Suen 2140add	rim:E3/2.01.04.2140add	Ur III
Q004925	Šu-Suen 2141add	rim:E3/2.01.04.2141add	Ur III
Q004926	Šu-Suen 2142add	rim:E3/2.01.04.2142add	Ur III
Q004927	Šu-Suen 2143add	rim:E3/2.01.04.2143add	Ur III
Q004928	Šu-Suen 2144add	rim:E3/2.01.04.2144add	Ur III
Q004929	Šu-Suen 2145add	rim:E3/2.01.04.2145add	Ur III
Q004930	Šu-Suen 2146add	rim:E3/2.01.04.2146add	Ur III
Q004931	Šu-Suen 2147add	rim:E3/2.01.04.2147add	Ur III
Q004932	Šu-Suen 2148add	rim:E3/2.01.04.2148add	Ur III
Q004933	Šu-Suen 2149add	rim:E3/2.01.04.2149add	Ur III
Q004934	Šu-Suen 2150add	rim:E3/2.01.04.2150add	Ur III
Q004935	Šu-Suen 2152add	rim:E3/2.01.04.2152add	Ur III
Q004936	Šu-Suen 2153add	rim:E3/2.01.04.2153add	Ur III
Q004937	Šu-Suen 2154add	rim:E3/2.01.04.2154add	Ur III
Q004938	Šu-Suen 2155add	rim:E3/2.01.04.2155add	Ur III
Q004939	Šu-Suen 2156add	rim:E3/2.01.04.2156add	Ur III
Q004940	Šu-Suen 2157add	rim:E3/2.01.04.2157add	Ur III
Q004941	Šu-Suen 2159add	rim:E3/2.01.04.2159add	Ur III
Q004942	Šu-Suen 2160add	rim:E3/2.01.04.2160add	Ur III
Q004943	Šu-Suen 2161add	rim:E3/2.01.04.2161add	Ur III
Q004944	Šu-Suen 2162add	rim:E3/2.01.04.2162add	Ur III
Q004945	Šu-Suen 2163add	rim:E3/2.01.04.2163add	Ur III
Q004946	Šu-Suen 2164add	rim:E3/2.01.04.2164add	Ur III
Q004947	Šu-Suen 2166add	rim:E3/2.01.04.2166add	Ur III
Q004948	Šu-Suen 2167add	rim:E3/2.01.04.2167add	Ur III
Q004949	Šu-Suen 2168add	rim:E3/2.01.04.2168add	Ur III
Q004950	Šu-Suen 2169add	rim:E3/2.01.04.2169add	Ur III
Q004951	Šu-Suen 2170add	rim:E3/2.01.04.2170add	Ur III
Q004952	Ibbi-Suen 2017add	rim:E3/2.01.05.2017add	Ur III
Q004953	Ibbi-Suen 2018add	rim:E3/2.01.05.2018add	Ur III
Q004954	Ibbi-Suen 2019add	rim:E3/2.01.05.2019add	Ur III
Q004955	Ibbi-Suen 2020add	rim:E3/2.01.05.2020add	Ur III
Q004956	Ibbi-Suen 2021add	rim:E3/2.01.05.2021add	Ur III
Q004957	Ibbi-Suen 2022add	rim:E3/2.01.05.2022add	Ur III
Q004958	Ibbi-Suen 2023add	rim:E3/2.01.05.2023add	Ur III
Q004959	Ibbi-Suen 2024add	rim:E3/2.01.05.2024add	Ur III
Q004960	Ibbi-Suen 2025add	rim:E3/2.01.05.2025add	Ur III
Q004961	Ibbi-Suen 2026add	rim:E3/2.01.05.2026add	Ur III
Q004962	Ibbi-Suen 2027add	rim:E3/2.01.05.2027add	Ur III
Q004963	Ibbi-Suen 2029add	rim:E3/2.01.05.2029add	Ur III
Q004964	Ibbi-Suen 2030add	rim:E3/2.01.05.2030add	Ur III
Q004965	Ibbi-Suen 2031add	rim:E3/2.01.05.2031add	Ur III
Q004966	Ibbi-Suen 2032add	rim:E3/2.01.05.2032add	Ur III
Q004967	Ibbi-Suen 2033add	rim:E3/2.01.05.2033add	Ur III
Q004968	Ibbi-Suen 2034add	rim:E3/2.01.05.2034add	Ur III
Q004969	Ibbi-Suen 2035add	rim:E3/2.01.05.2035add	Ur III
Q004970	Ibbi-Suen 2036add	rim:E3/2.01.05.2036add	Ur III
Q004971	Ibbi-Suen 2037add	rim:E3/2.01.05.2037add	Ur III
Q004972	Ibbi-Suen 2038add	rim:E3/2.01.05.2038add	Ur III
Q004973	Ibbi-Suen 2039add	rim:E3/2.01.05.2039add	Ur III
Q004974	Ibbi-Suen 2040add	rim:E3/2.01.05.2040add	Ur III
Q004975	Ibbi-Suen 2041add	rim:E3/2.01.05.2041add	Ur III
Q004976	Ibbi-Suen 2042add	rim:E3/2.01.05.2042add	Ur III
Q004977	Ibbi-Suen 2043add	rim:E3/2.01.05.2043add	Ur III
Q004978	Ibbi-Suen 2044add	rim:E3/2.01.05.2044add	Ur III
Q004979	Ibbi-Suen 2045add	rim:E3/2.01.05.2045add	Ur III
Q004980	Ibbi-Suen 2046add	rim:E3/2.01.05.2046add	Ur III
Q004981	Ibbi-Suen 2047add	rim:E3/2.01.05.2047add	Ur III
Q004982	Ibbi-Suen 2048add	rim:E3/2.01.05.2048add	Ur III
Q004983	Ibbi-Suen 2049add	rim:E3/2.01.05.2049add	Ur III
Q004984	Ibbi-Suen 2050add	rim:E3/2.01.05.2050add	Ur III
Q004985	Ibbi-Suen 2051add	rim:E3/2.01.05.2051add	Ur III
Q004986	Ibbi-Suen 2052add	rim:E3/2.01.05.2052add	Ur III
Q004987	Ibbi-Suen 2053add	rim:E3/2.01.05.2053add	Ur III
Q004988	Ibbi-Suen 2054add	rim:E3/2.01.05.2054add	Ur III
Q004989	Ibbi-Suen 2055add	rim:E3/2.01.05.2055add	Ur III
Q004990	Ibbi-Suen 2056add	rim:E3/2.01.05.2056add	Ur III
Q004991	Ibbi-Suen 2057add	rim:E3/2.01.05.2057add	Ur III
Q004992	Ibbi-Suen 2058add	rim:E3/2.01.05.2058add	Ur III
Q004993	Ibbi-Suen 2059add	rim:E3/2.01.05.2059add	Ur III
Q004994	Ibbi-Suen 2063add	rim:E3/2.01.05.2063add	Ur III
Q004995	Ibbi-Suen 2064add	rim:E3/2.01.05.2064add	Ur III
Q004996	Ibbi-Suen 2066add	rim:E3/2.01.05.2066add	Ur III
Q004997	Ibbi-Suen 2067add	rim:E3/2.01.05.2067add	Ur III
Q004998	Ibbi-Suen 2068add	rim:E3/2.01.05.2068add	Ur III
Q004999	Ibbi-Suen 2069add	rim:E3/2.01.05.2069add	Ur III
Q005000	Ibbi-Suen 2070add	rim:E3/2.01.05.2070add	Ur III
Q005001	Ibbi-Suen 2071add	rim:E3/2.01.05.2071add	Ur III
Q005002	Ibbi-Suen 2072add	rim:E3/2.01.05.2072add	Ur III
Q005003	Ibbi-Suen 2073add	rim:E3/2.01.05.2073add	Ur III
Q005004	Ibbi-Suen 2074add	rim:E3/2.01.05.2074add	Ur III
Q005005	Ibbi-Suen 2075add	rim:E3/2.01.05.2075add	Ur III
Q005006	Ibbi-Suen 2076add	rim:E3/2.01.05.2076add	Ur III
Q005007	Ibbi-Suen 2077add	rim:E3/2.01.05.2077add	Ur III
Q005008	Ibbi-Suen 2078add	rim:E3/2.01.05.2078add	Ur III
Q005009	Ibbi-Suen 2079add	rim:E3/2.01.05.2079add	Ur III
Q005010	Ibbi-Suen 2080add	rim:E3/2.01.05.2080add	Ur III
Q005011	Ibbi-Suen 2081add	rim:E3/2.01.05.2081add	Ur III
Q005012	Ibbi-Suen 2083add	rim:E3/2.01.05.2083add	Ur III
Q005013	Ibbi-Suen 2084add	rim:E3/2.01.05.2084add	Ur III
Q005014	Ibbi-Suen 2085add	rim:E3/2.01.05.2085add	Ur III
Q005015	Ibbi-Suen 2086add	rim:E3/2.01.05.2086add	Ur III
Q005016	Ibbi-Suen 2087add	rim:E3/2.01.05.2087add	Ur III
Q005017	Ibbi-Suen 2090add	rim:E3/2.01.05.2090add	Ur III
Q005018	Ibbi-Suen 2091add	rim:E3/2.01.05.2091add	Ur III
Q005019	Ibbi-Suen 2092add	rim:E3/2.01.05.2092add	Ur III
Q005020	Ibbi-Suen 2093add	rim:E3/2.01.05.2093add	Ur III
Q005021	Ibbi-Suen 2094add	rim:E3/2.01.05.2094add	Ur III
Q005022	Ibbi-Suen 2095add	rim:E3/2.01.05.2095add	Ur III
Q005023	Ibbi-Suen 2096add	rim:E3/2.01.05.2096add	Ur III
Q005024	Ibbi-Suen 2097add	rim:E3/2.01.05.2097add	Ur III
Q005025	Ibbi-Suen 2099add	rim:E3/2.01.05.2099add	Ur III
Q005026	Ibbi-Suen 2100add	rim:E3/2.01.05.2100add	Ur III
Q005027	Ibbi-Suen 2101add	rim:E3/2.01.05.2101add	Ur III
Q005028	Ibbi-Suen 2102add	rim:E3/2.01.05.2102add	Ur III
Q005029	Unattributed Ur III 1047add	rim:E3/2.01.06.1047add	Ur III
Q005030	Nabi-Suen 2001	rim:E3/2.03.01.2001	Old Akkadian
Q005031	Išme-Dagan 2002add	rim:E4.1.4.2002add	Old Babylonian
Q005032	Abisare 3add	rim:E4.2.2.3add	Old Babylonian
Q005280	Nammah-abzu 2001	rim:E2.6.3.2001 	Old Akkadian
Q005285	Lu-Utu add03	rim:E2.11.6.add03 	Old Akkadian
Q005312	Gudea Statue L	rim:E3/1.1.7, St L 	Lagaš II
Q005314	Gudea 104add	rim:E3/1.1.7.add104 	Lagaš II
Q005315	Gudea 105add	rim:E3/1.1.7.add105 	Lagaš II
Q005316	Gudea 106add	rim:E3/1.1.7.add106 	Lagaš II
Q005345	Puzur-Inšušinak 2	rim:E3/1.add02.1.2 	Lagaš II
Q005349	unattributed Ur III 90add	rim:E3/2.1.2.add90 	Ur III
Q005351	Ur III Ur Šulgi add34	rim:E3/2.1.4.add34 	Ur III
Q005352	unattributed Ur III 1046add (Ur-Numušda 1)	rim:E3/2.1.6.add1046 	Ur III
Q006336	Ur-Ningirsu I 7	rim:E3/1.1.1.add07	Lagaš II
Q006337	Ur III unknown unattributed 4	rim:E3/2.7.add04.1	Ur III
Q006339	Ur III unknown unattributed 6	rim:E3/2.7.add06.1	Ur III
Q006340	Ur III unknown unattributed 7	rim:E3/2.7.add07.1	Ur III
Q006341	Zambiya 2	rim:E4.1.11.add02	Old Babylonian
Q006349	Imgur-Sin 1	rim:E4.11.add03.1	Old Babylonian
Q006354	Sin-gamil 1001	rim:E4.13.2.1001	Old Babylonian
Q006365	Sin-eribam 2add (formerly Sin-iddinam 07)	rim:E4.2.10.add02	Old Babylonian
Q006366	Warad-Sin 1003	rim:E4.2.13.1003	Old Babylonian
Q006368	Rim-Sin I 11	rim:E4.2.14.11	Old Babylonian
Q006369	Rim-Sin I 05	rim:E4.2.14.5	Old Babylonian
Q006370	Rimsin I 2022	rim:E4.2.14.add2022	Ur III?
Q006371	Old Babylonian Unattributed Larsa 1	rim:E4.2.16.1	Old Babylonian
Q006372	Old Babylonian Unattributed Larsa 2	rim:E4.2.16.2	Old Babylonian
Q006374	Zabaya 2	rim:E4.2.4.2	Old Babylonian
Q006377	Gungunum 6add	rim:E4.2.5.add06	Old Babylonian
Q006394	Sin-gamil 2002	rim:E4.4.3.2002	Old Babylonian
Q006395	Ilum-gamil 2001	rim:E4.4.4.2001	Old Babylonian
Q006438	Old Babylonian Unattributed 1	rim:E4.x0.2.1	Old Babylonian
Q006439	Old Babylonian Unattributed 2	rim:E4.x0.3.1	Old Babylonian?
Q007321	Hammu-rabi 23add		Old Babylonian
Q008414	Anonymous Adab 14		Early Dynastic
Q004834	En-metena 34add	rim:E1.09.05.add32	Early Dynastic
Q008416	Unattributed Early Dynastic Dedication 001	rim:E1.15.add45.1 (rime:E3/2.7.add6.1)	Early Dynastic
Q008425	Itur-Šamaš 2	rim:E4.7.1.2	Old Babylonian
Q008426	En-anatum I 21add	rim:E1.9.4.add21	Early Dynastic
Q008428	Naram-Sin of Uruk1		Old Babylonian
Q008595	Warassa 2002		Early Old Babylonian
Q008902	E-anatum 23add	rim:E1.09.03.add23	Early Dynastic
Q008903	Gudea 2001add (formerly Šu-Suen 2003)	rim:E3/1.1.7.add2001	Lagaš II
Q008904	Gudea 2002add	rim:E3/1.1.7.add2002	Lagaš II
Q008905	Gudea 2003add	rim:E3/1.1.7.add2003	Lagaš II
Q008906	Gudea 2004add	rim:E3/1.1.7.add2004	Lagaš II
Q008907	Šu-Suen 2171add	rim:E3/2.01.04.2171add	Ur III
Q008908	Šu-Suen 2172add	rim:E3/2.01.04.2172add	Ur III
Q008909	Lagaš II Unidentified 1055add	rim:E3/1.01.13.1055add	Lagaš II
Q008910	Unattributed 04		Early Dynastic
Q008911	Pirigme 2add	rim:E3/1.1.2.2add	Lagaš II
Q008912	Šulgi 100add	rim:E3/1.1.2.100add	Ur III
Q008913	Šulgi 2135add		Ur III
Q008928	Anonymous 07		Early Dynastic
Q008929	Anonymous 11		Early Dynastic
Q008930	Anonymous 05		Early Dynastic
Q008931	Anonymous 04		Early Dynastic
